Date,Real Total Return Price (S&P500),Real Total Bond Returns,Consumer Price Index CPI
1871.01,114.69,1,12.46
1871.02,113.34,0.97,12.84
1871.03,114.95,0.96,13.03
1871.04,123.23,1,12.56
1871.05,129.87,1.03,12.27
1871.06,131.42,1.05,12.08
1871.07,129.55,1.06,12.08
1871.08,133.9,1.08,11.89
1871.09,132.72,1.06,12.18
1871.1,124.51,1.05,12.37
1871.11,126.45,1.05,12.37
1871.12,126.84,1.03,12.65
1872.01,130.64,1.04,12.65
1872.02,131.78,1.04,12.65
1872.03,134.68,1.03,12.84
1872.04,136.01,1.01,13.13
1872.05,136.61,1.01,13.13
1872.06,136.9,1.02,13.03
1872.07,138.76,1.04,12.84
1872.08,136.76,1.04,12.94
1872.09,133.99,1.03,13.03
1872.1,138.22,1.06,12.75
1872.11,134.34,1.03,13.13
1872.12,140.31,1.05,12.94
1873.01,142.11,1.05,12.94
1873.02,140.83,1.03,13.23
1873.03,140.43,1.04,13.23
1873.04,139.22,1.05,13.23
1873.05,143.31,1.07,12.94
1873.06,146.37,1.11,12.56
1873.07,146.85,1.12,12.56
1873.08,147.64,1.12,12.56
1873.09,137.15,1.13,12.56
1873.1,128.94,1.16,12.27
1873.11,129.17,1.21,11.89
1873.12,138.86,1.18,12.18
1874.01,145,1.17,12.37
1874.02,150.22,1.18,12.37
1874.03,148.89,1.19,12.37
1874.04,147.93,1.22,12.18
1874.05,146.1,1.23,12.08
1874.06,149.89,1.27,11.8
1874.07,149.6,1.27,11.89
1874.08,152.08,1.29,11.8
1874.09,155.4,1.3,11.8
1874.1,158.55,1.33,11.61
1874.11,162.24,1.35,11.51
1874.12,162.16,1.36,11.51
1875.01,163.13,1.37,11.51
1875.02,163.74,1.38,11.51
1875.03,166.88,1.39,11.51
1875.04,168.64,1.39,11.61
1875.05,167.19,1.43,11.32
1875.06,167.62,1.47,11.13
1875.07,169,1.48,11.13
1875.08,169.31,1.48,11.23
1875.09,170.2,1.5,11.13
1875.1,168.47,1.51,11.13
1875.11,173.68,1.53,11.04
1875.12,176.2,1.56,10.94
1876.01,182.42,1.58,10.85
1876.02,185.9,1.59,10.85
1876.03,186.51,1.6,10.85
1876.04,182.11,1.62,10.75
1876.05,182.92,1.69,10.37
1876.06,187.88,1.74,10.09
1876.07,186.74,1.75,10.09
1876.08,178.46,1.74,10.18
1876.09,167.13,1.74,10.28
1876.1,164.31,1.71,10.47
1876.11,160.84,1.71,10.56
1876.12,158.21,1.68,10.75
1877.01,155.21,1.66,10.94
1877.02,150.99,1.71,10.66
1877.03,151.08,1.8,10.18
1877.04,137.31,1.76,10.47
1877.05,135.83,1.74,10.66
1877.06,134.27,1.84,10.09
1877.07,139.82,1.83,10.18
1877.08,156.4,1.91,9.8
1877.09,168.71,1.94,9.7
1877.1,173.26,1.95,9.7
1877.11,174.94,2,9.51
1877.12,175.25,2,9.51
1878.01,181.55,2.08,9.23
1878.02,180.38,2.11,9.13
1878.03,188.6,2.16,8.94
1878.04,196.84,2.19,8.85
1878.05,204.95,2.28,8.56
1878.06,214.97,2.34,8.37
1878.07,217.88,2.32,8.47
1878.08,214.54,2.31,8.56
1878.09,219.84,2.32,8.56
1878.1,220.74,2.35,8.47
1878.11,223.57,2.39,8.37
1878.12,228.45,2.46,8.18
1879.01,235.32,2.44,8.28
1879.02,242.09,2.42,8.37
1879.03,241.93,2.46,8.28
1879.04,253.83,2.5,8.18
1879.05,266.33,2.52,8.18
1879.06,271.91,2.56,8.09
1879.07,275.27,2.54,8.18
1879.08,278.41,2.55,8.18
1879.09,280.01,2.48,8.47
1879.1,295.05,2.36,8.94
1879.11,296.1,2.25,9.42
1879.12,287.78,2.19,9.7
1880.01,291.32,2.14,9.99
1880.02,297.45,2.15,9.99
1880.03,301.33,2.14,10.09
1880.04,307.14,2.24,9.7
1880.05,292.54,2.32,9.42
1880.06,301.03,2.38,9.23
1880.07,316.09,2.39,9.23
1880.08,328.7,2.41,9.23
1880.09,326,2.4,9.32
1880.1,336.75,2.41,9.32
1880.11,352.19,2.4,9.42
1880.12,364.31,2.39,9.51
1881.01,391.44,2.42,9.42
1881.02,387.68,2.41,9.51
1881.03,393.52,2.42,9.51
1881.04,389.83,2.4,9.61
1881.05,412.95,2.43,9.51
1881.06,419.57,2.44,9.51
1881.07,402.45,2.43,9.61
1881.08,386.87,2.39,9.8
1881.09,376.93,2.31,10.18
1881.1,369.01,2.29,10.28
1881.11,376.47,2.32,10.18
1881.12,367.15,2.33,10.18
1882.01,363.28,2.34,10.18
1882.02,353.63,2.33,10.28
1882.03,354.65,2.33,10.28
1882.04,353.02,2.32,10.37
1882.05,347.19,2.3,10.47
1882.06,343.86,2.29,10.56
1882.07,368.16,2.32,10.47
1882.08,377.41,2.3,10.56
1882.09,393.33,2.37,10.28
1882.1,387.89,2.4,10.18
1882.11,376.5,2.43,10.09
1882.12,383.79,2.46,9.99
1883.01,383.58,2.47,9.99
1883.02,373.21,2.45,10.09
1883.03,383.19,2.49,9.99
1883.04,396.76,2.52,9.9
1883.05,395.63,2.55,9.8
1883.06,412.95,2.63,9.51
1883.07,416.82,2.7,9.32
1883.08,399.89,2.7,9.32
1883.09,410.46,2.74,9.23
1883.1,401.36,2.75,9.23
1883.11,413.64,2.79,9.13
1883.12,402.44,2.77,9.23
1884.01,392.44,2.78,9.23
1884.02,405.11,2.79,9.23
1884.03,405.65,2.8,9.23
1884.04,397.54,2.87,9.04
1884.05,375.34,2.94,8.85
1884.06,362.15,2.95,8.85
1884.07,368.26,2.99,8.75
1884.08,393.56,3,8.75
1884.09,387.5,3.05,8.66
1884.1,381.23,3.09,8.56
1884.11,384.27,3.17,8.37
1884.12,390.1,3.22,8.28
1885.01,383.39,3.23,8.28
1885.02,392.88,3.21,8.37
1885.03,405.18,3.3,8.18
1885.04,401.79,3.27,8.28
1885.05,408.74,3.36,8.09
1885.06,418.88,3.46,7.9
1885.07,431.45,3.43,7.99
1885.08,457.76,3.44,7.99
1885.09,459.48,3.5,7.9
1885.1,488.23,3.51,7.9
1885.11,515.81,3.48,7.99
1885.12,501.89,3.42,8.18
1886.01,515.8,3.51,7.99
1886.02,527.68,3.52,7.99
1886.03,524.92,3.56,7.9
1886.04,526.15,3.61,7.8
1886.05,530.8,3.71,7.61
1886.06,564.2,3.77,7.52
1886.07,567.66,3.73,7.61
1886.08,566.84,3.69,7.71
1886.09,583.6,3.69,7.71
1886.1,600.4,3.7,7.71
1886.11,617.24,3.71,7.71
1886.12,595.85,3.67,7.8
1887.01,577.39,3.59,7.99
1887.02,568.42,3.55,8.09
1887.03,583.7,3.56,8.09
1887.04,599.06,3.57,8.09
1887.05,611.39,3.57,8.09
1887.06,602.9,3.62,7.99
1887.07,597.36,3.67,7.9
1887.08,577.58,3.64,7.99
1887.09,579.19,3.69,7.9
1887.1,555.32,3.65,7.99
1887.11,561.52,3.61,8.09
1887.12,547.66,3.54,8.28
1888.01,547.67,3.51,8.37
1888.02,552.99,3.56,8.28
1888.03,534.18,3.58,8.28
1888.04,544.67,3.64,8.18
1888.05,560.82,3.7,8.09
1888.06,552.13,3.76,7.99
1888.07,561.96,3.73,8.09
1888.08,576.14,3.75,8.09
1888.09,592.55,3.76,8.09
1888.1,584.52,3.74,8.18
1888.11,568,3.71,8.28
1888.12,559.24,3.73,8.28
1889.01,592.63,3.88,7.99
1889.02,608.82,3.93,7.9
1889.03,605.66,3.99,7.8
1889.04,606.7,4.01,7.8
1889.05,640.93,4.12,7.61
1889.06,654.03,4.13,7.61
1889.07,642.99,4.15,7.61
1889.08,653.74,4.16,7.61
1889.09,663.53,4.12,7.71
1889.1,653.69,4.13,7.71
1889.11,649.87,4.14,7.71
1889.12,640.54,4.11,7.8
1890.01,666.22,4.22,7.61
1890.02,661.07,4.23,7.61
1890.03,658.37,4.23,7.61
1890.04,674.37,4.24,7.61
1890.05,696.74,4.19,7.71
1890.06,694.05,4.2,7.71
1890.07,691.36,4.21,7.71
1890.08,653.23,4.06,7.99
1890.09,636.99,4.02,8.09
1890.1,610.45,4.03,8.09
1890.11,581.88,4.13,7.9
1890.12,570.56,4.14,7.9
1891.01,609.95,4.2,7.8
1891.02,612.35,4.16,7.9
1891.03,596.21,4.12,7.99
1891.04,611.04,4.09,8.09
1891.05,618.11,4.15,7.99
1891.06,622.74,4.26,7.8
1891.07,622.41,4.33,7.71
1891.08,645.68,4.34,7.71
1891.09,709.23,4.41,7.61
1891.1,711.67,4.42,7.61
1891.11,712.34,4.49,7.52
1891.12,736.53,4.51,7.52
1892.01,772.21,4.64,7.33
1892.02,776.22,4.65,7.33
1892.03,808.29,4.78,7.14
1892.04,820.52,4.86,7.04
1892.05,823.32,4.87,7.04
1892.06,821.72,4.88,7.04
1892.07,802.88,4.76,7.23
1892.08,806.68,4.7,7.33
1892.09,789.4,4.71,7.33
1892.1,808.08,4.72,7.33
1892.11,787.61,4.61,7.52
1892.12,772.18,4.57,7.61
1893.01,760.48,4.41,7.9
1893.02,740.73,4.37,7.99
1893.03,734.04,4.49,7.8
1893.04,745.94,4.57,7.71
1893.05,691.31,4.64,7.61
1893.06,678.33,4.77,7.42
1893.07,634.34,4.92,7.23
1893.08,647.86,5.14,6.95
1893.09,669.66,4.95,7.23
1893.1,683.76,4.9,7.33
1893.11,716.15,5.05,7.14
1893.12,703.72,5.14,7.04
1894.01,711.88,5.3,6.85
1894.02,735.32,5.4,6.76
1894.03,782.55,5.58,6.57
1894.04,796.38,5.61,6.57
1894.05,770.14,5.63,6.57
1894.06,763,5.66,6.57
1894.07,750.5,5.69,6.57
1894.08,760.01,5.55,6.76
1894.09,764.46,5.5,6.85
1894.1,764.9,5.68,6.66
1894.11,768.04,5.71,6.66
1894.12,775.13,5.82,6.57
1895.01,769.24,5.85,6.57
1895.02,761.5,5.86,6.57
1895.03,764.61,5.87,6.57
1895.04,767.19,5.63,6.85
1895.05,801.15,5.57,6.95
1895.06,808.61,5.5,7.04
1895.07,826.05,5.59,6.95
1895.08,852.86,5.68,6.85
1895.09,861.09,5.69,6.85
1895.1,851.46,5.7,6.85
1895.11,825.65,5.71,6.85
1895.12,790.91,5.8,6.76
1896.01,795.85,5.9,6.66
1896.02,844.39,6.01,6.57
1896.03,834.07,6.04,6.57
1896.04,857.07,6.15,6.47
1896.05,868.98,6.27,6.37
1896.06,869.19,6.39,6.28
1896.07,815.95,6.42,6.28
1896.08,772.58,6.45,6.28
1896.09,816.22,6.48,6.28
1896.1,812.98,6.31,6.47
1896.11,846.59,6.16,6.66
1896.12,818.56,6.19,6.66
1897.01,845.64,6.4,6.47
1897.02,840.63,6.42,6.47
1897.03,845.65,6.44,6.47
1897.04,834.72,6.55,6.37
1897.05,854.67,6.67,6.28
1897.06,897.61,6.69,6.28
1897.07,940.71,6.72,6.28
1897.08,961.34,6.44,6.57
1897.09,982.45,6.28,6.76
1897.1,967.47,6.39,6.66
1897.11,936.36,6.41,6.66
1897.12,959.52,6.43,6.66
1898.01,988.83,6.45,6.66
1898.02,975.96,6.39,6.76
1898.03,934.96,6.42,6.76
1898.04,922,6.45,6.76
1898.05,920.85,6.05,7.23
1898.06,"1,027.36",6.51,6.76
1898.07,"1,049.44",6.63,6.66
1898.08,"1,092.02",6.66,6.66
1898.09,"1,093.32",6.69,6.66
1898.1,"1,073.86",6.72,6.66
1898.11,"1,112.75",6.75,6.66
1898.12,"1,168.57",6.68,6.76
1899.01,"1,260.96",6.71,6.76
1899.02,"1,276.20",6.54,6.95
1899.03,"1,297.82",6.56,6.95
1899.04,"1,299.67",6.48,7.04
1899.05,"1,248.93",6.5,7.04
1899.06,"1,207.89",6.42,7.14
1899.07,"1,236.60",6.35,7.23
1899.08,"1,254.99",6.29,7.33
1899.09,"1,198.04",6.06,7.61
1899.1,"1,180.90",6,7.71
1899.11,"1,191.79",5.94,7.8
1899.12,"1,100.42",5.88,7.9
1900.01,"1,118.36",5.9,7.9
1900.02,"1,128.37",5.84,7.99
1900.03,"1,140.97",5.86,7.99
1900.04,"1,159.20",5.88,7.99
1900.05,"1,135.15",6.04,7.8
1900.06,"1,118.96",6.13,7.71
1900.07,"1,109.44",6.08,7.8
1900.08,"1,142.78",6.17,7.71
1900.09,"1,106.63",6.11,7.8
1900.1,"1,165.44",6.21,7.71
1900.11,"1,261.31",6.22,7.71
1900.12,"1,358.86",6.32,7.61
1901.01,"1,386.07",6.26,7.71
1901.02,"1,444.14",6.35,7.61
1901.03,"1,501.00",6.37,7.61
1901.04,"1,652.68",6.46,7.52
1901.05,"1,574.65",6.47,7.52
1901.06,"1,736.77",6.49,7.52
1901.07,"1,605.29",6.42,7.61
1901.08,"1,612.69",6.35,7.71
1901.09,"1,590.29",6.29,7.8
1901.1,"1,577.65",6.3,7.8
1901.11,"1,597.37",6.24,7.9
1901.12,"1,558.17",6.17,7.99
1902.01,"1,615.96",6.26,7.9
1902.02,"1,635.23",6.27,7.9
1902.03,"1,642.59",6.28,7.9
1902.04,"1,683.79",6.22,7.99
1902.05,"1,665.36",6.16,8.09
1902.06,"1,641.53",6.1,8.18
1902.07,"1,683.92",6.11,8.18
1902.08,"1,754.69",6.19,8.09
1902.09,"1,743.57",6.13,8.18
1902.1,"1,583.33",5.74,8.75
1902.11,"1,578.93",5.95,8.47
1902.12,"1,530.59",5.89,8.56
1903.01,"1,596.06",5.84,8.66
1903.02,"1,591.87",5.85,8.66
1903.03,"1,587.00",6.06,8.37
1903.04,"1,527.70",6.08,8.37
1903.05,"1,538.66",6.23,8.18
1903.06,"1,459.37",6.24,8.18
1903.07,"1,398.08",6.26,8.18
1903.08,"1,359.02",6.27,8.18
1903.09,"1,316.80",6.21,8.28
1903.1,"1,294.83",6.3,8.18
1903.11,"1,320.32",6.38,8.09
1903.12,"1,387.42",6.4,8.09
1904.01,"1,384.18",6.26,8.28
1904.02,"1,322.42",6.14,8.47
1904.03,"1,339.15",6.22,8.37
1904.04,"1,393.85",6.31,8.28
1904.05,"1,402.54",6.47,8.09
1904.06,"1,410.63",6.48,8.09
1904.07,"1,475.04",6.5,8.09
1904.08,"1,513.14",6.44,8.18
1904.09,"1,567.58",6.38,8.28
1904.1,"1,665.31",6.39,8.28
1904.11,"1,721.60",6.26,8.47
1904.12,"1,743.90",6.28,8.47
1905.01,"1,787.44",6.29,8.47
1905.02,"1,871.43",6.31,8.47
1905.03,"1,952.10",6.41,8.37
1905.04,"1,934.07",6.43,8.37
1905.05,"1,865.82",6.52,8.28
1905.06,"1,893.63",6.54,8.28
1905.07,"1,958.98",6.56,8.28
1905.08,"2,014.65",6.51,8.37
1905.09,"2,050.46",6.61,8.28
1905.1,"2,085.38",6.63,8.28
1905.11,"2,056.69",6.57,8.37
1905.12,"2,089.85",6.52,8.47
1906.01,"2,168.27",6.54,8.47
1906.02,"2,159.15",6.55,8.47
1906.03,"2,112.65",6.56,8.47
1906.04,"2,090.43",6.57,8.47
1906.05,"2,018.95",6.5,8.56
1906.06,"2,052.03",6.51,8.56
1906.07,"2,075.06",6.74,8.28
1906.08,"2,185.47",6.6,8.47
1906.09,"2,234.90",6.53,8.56
1906.1,"2,127.97",6.4,8.75
1906.11,"2,155.48",6.34,8.85
1906.12,"2,120.37",6.28,8.94
1907.01,"2,089.51",6.36,8.85
1907.02,"1,988.57",6.23,9.04
1907.03,"1,819.65",6.31,8.94
1907.04,"1,835.87",6.32,8.94
1907.05,"1,742.92",6.2,9.13
1907.06,"1,677.05",6.15,9.23
1907.07,"1,748.77",6.16,9.23
1907.08,"1,625.36",6.17,9.23
1907.09,"1,615.82",6.18,9.23
1907.1,"1,433.20",6.13,9.32
1907.11,"1,414.61",6.4,8.94
1907.12,"1,527.84",6.55,8.75
1908.01,"1,619.02",6.64,8.66
1908.02,"1,585.89",6.74,8.56
1908.03,"1,659.38",6.76,8.56
1908.04,"1,738.02",6.71,8.66
1908.05,"1,840.11",6.74,8.66
1908.06,"1,850.97",6.77,8.66
1908.07,"1,906.26",6.72,8.75
1908.08,"1,996.39",6.75,8.75
1908.09,"1,982.89",6.77,8.75
1908.1,"1,993.73",6.73,8.85
1908.11,"2,114.10",6.68,8.94
1908.12,"2,147.12",6.64,9.04
1909.01,"2,185.25",6.73,8.94
1909.02,"2,108.28",6.68,9.04
1909.03,"2,145.22",6.69,9.04
1909.04,"2,203.32",6.57,9.23
1909.05,"2,261.50",6.51,9.32
1909.06,"2,286.31",6.46,9.42
1909.07,"2,327.20",6.48,9.42
1909.08,"2,367.79",6.43,9.51
1909.09,"2,354.92",6.38,9.61
1909.1,"2,326.43",6.27,9.8
1909.11,"2,300.99",6.22,9.9
1909.12,"2,314.15",6.17,9.99
1910.01,"2,294.86",6.25,9.9
1910.02,"2,221.35",6.26,9.9
1910.03,"2,241.62",6.16,10.09
1910.04,"2,175.52",6.12,10.18
1910.05,"2,189.05",6.26,9.99
1910.06,"2,112.53",6.33,9.9
1910.07,"2,014.59",6.35,9.9
1910.08,"2,092.62",6.43,9.8
1910.09,"2,136.67",6.51,9.7
1910.1,"2,312.29",6.73,9.42
1910.11,"2,367.30",6.89,9.23
1910.12,"2,311.15",6.91,9.23
1911.01,"2,377.34",6.93,9.23
1911.02,"2,505.91",7.17,8.94
1911.03,"2,460.90",7.12,9.04
1911.04,"2,540.92",7.37,8.75
1911.05,"2,606.40",7.39,8.75
1911.06,"2,669.41",7.42,8.75
1911.07,"2,640.49",7.36,8.85
1911.08,"2,446.18",7.15,9.13
1911.09,"2,299.31",7.1,9.23
1911.1,"2,322.96",7.12,9.23
1911.11,"2,451.89",7.22,9.13
1911.12,"2,499.33",7.32,9.04
1912.01,"2,486.66",7.27,9.13
1912.02,"2,450.06",7.19,9.23
1912.03,"2,480.05",7.05,9.42
1912.04,"2,492.38",6.85,9.7
1912.05,"2,500.05",6.85,9.7
1912.06,"2,535.24",6.92,9.61
1912.07,"2,548.38",6.92,9.61
1912.08,"2,591.74",6.86,9.7
1912.09,"2,590.06",6.8,9.8
1912.1,"2,595.28",6.8,9.8
1912.11,"2,576.80",6.81,9.8
1912.12,"2,519.16",6.88,9.7
1913.01,"2,484.06",6.82,9.8
1913.02,"2,406.60",6.85,9.8
1913.03,"2,371.72",6.89,9.8
1913.04,"2,379.81",6.93,9.8
1913.05,"2,349.64",7.04,9.7
1913.06,"2,219.58",7.01,9.8
1913.07,"2,237.75",6.98,9.9
1913.08,"2,308.44",7.02,9.9
1913.09,"2,317.81",6.98,10
1913.1,"2,255.31",7.02,10
1913.11,"2,187.03",6.99,10.1
1913.12,"2,217.13",7.1,10
1914.01,"2,319.05",7.14,10
1914.02,"2,384.22",7.23,9.9
1914.03,"2,350.13",7.25,9.9
1914.04,"2,327.98",7.35,9.8
1914.05,"2,329.41",7.3,9.9
1914.06,"2,328.70",7.32,9.9
1914.07,"2,188.32",7.26,10
1914.08,"2,155.66",7.14,10.2
1914.09,"2,165.83",7.16,10.2
1914.1,"2,197.48",7.26,10.1
1914.11,"2,185.97",7.21,10.2
1914.12,"2,122.82",7.3,10.1
1915.01,"2,170.49",7.32,10.1
1915.02,"2,173.19",7.43,10
1915.03,"2,262.13",7.54,9.9
1915.04,"2,418.57",7.5,10
1915.05,"2,349.13",7.46,10.1
1915.06,"2,386.19",7.5,10.1
1915.07,"2,387.81",7.54,10.1
1915.08,"2,499.77",7.57,10.1
1915.09,"2,603.24",7.61,10.1
1915.1,"2,731.22",7.57,10.2
1915.11,"2,809.98",7.53,10.3
1915.12,"2,826.56",7.56,10.3
1916.01,"2,765.94",7.53,10.4
1916.02,"2,738.56",7.54,10.4
1916.03,"2,715.00",7.49,10.5
1916.04,"2,671.62",7.43,10.6
1916.05,"2,716.79",7.38,10.7
1916.06,"2,729.74",7.33,10.8
1916.07,"2,704.12",7.34,10.8
1916.08,"2,712.13",7.29,10.9
1916.09,"2,784.67",7.18,11.1
1916.1,"2,832.84",7.07,11.3
1916.11,"2,860.49",6.96,11.5
1916.12,"2,734.91",6.91,11.6
1917.01,"2,661.06",6.87,11.7
1917.02,"2,461.28",6.71,12
1917.03,"2,551.05",6.72,12
1917.04,"2,406.16",6.4,12.6
1917.05,"2,301.71",6.31,12.8
1917.06,"2,325.67",6.22,13
1917.07,"2,310.53",6.33,12.8
1917.08,"2,221.64",6.24,13
1917.09,"2,081.10",6.11,13.3
1917.1,"1,953.23",6.03,13.5
1917.11,"1,804.86",6.04,13.5
1917.12,"1,732.40",5.96,13.7
1918.01,"1,811.62",5.84,14
1918.02,"1,867.59",5.82,14.1
1918.03,"1,856.88",5.89,14
1918.04,"1,826.75",5.83,14.2
1918.05,"1,859.25",5.73,14.5
1918.06,"1,849.36",5.68,14.7
1918.07,"1,827.36",5.55,15.1
1918.08,"1,820.59",5.47,15.4
1918.09,"1,788.16",5.39,15.7
1918.1,"1,840.54",5.31,16
1918.11,"1,863.74",5.23,16.3
1918.12,"1,815.45",5.19,16.5
1919.01,"1,814.82",5.21,16.5
1919.02,"1,866.54",5.31,16.2
1919.03,"1,910.85",5.25,16.4
1919.04,"1,949.64",5.16,16.7
1919.05,"2,070.34",5.1,16.9
1919.06,"2,136.31",5.11,16.9
1919.07,"2,152.78",4.96,17.4
1919.08,"1,983.94",4.88,17.7
1919.09,"2,013.94",4.86,17.8
1919.1,"2,091.51",4.79,18.1
1919.11,"1,995.39",4.69,18.5
1919.12,"1,905.16",4.59,18.9
1920.01,"1,856.06",4.5,19.3
1920.02,"1,694.28",4.47,19.5
1920.03,"1,804.16",4.44,19.7
1920.04,"1,745.50",4.32,20.3
1920.05,"1,620.77",4.27,20.6
1920.06,"1,578.35",4.23,20.9
1920.07,"1,592.59",4.26,20.8
1920.08,"1,576.74",4.38,20.3
1920.09,"1,666.29",4.46,20
1920.1,"1,685.89",4.5,19.9
1920.11,"1,617.56",4.54,19.8
1920.12,"1,512.42",4.65,19.4
1921.01,"1,621.85",4.76,19
1921.02,"1,672.80",4.96,18.4
1921.03,"1,648.94",5.04,18.3
1921.04,"1,684.39",5.14,18.1
1921.05,"1,784.96",5.31,17.7
1921.06,"1,661.59",5.39,17.6
1921.07,"1,657.26",5.4,17.7
1921.08,"1,647.04",5.45,17.7
1921.09,"1,717.36",5.57,17.5
1921.1,"1,750.88",5.62,17.5
1921.11,"1,865.73",5.7,17.4
1921.12,"1,953.15",5.78,17.3
1922.01,"2,007.22",5.97,16.9
1922.02,"2,061.95",5.99,16.9
1922.03,"2,175.97",6.08,16.7
1922.04,"2,319.27",6.1,16.7
1922.05,"2,420.99",6.12,16.7
1922.06,"2,409.75",6.14,16.7
1922.07,"2,423.98",6.13,16.8
1922.08,"2,557.28",6.22,16.6
1922.09,"2,635.89",6.24,16.6
1922.1,"2,690.04",6.22,16.7
1922.11,"2,553.37",6.2,16.8
1922.12,"2,544.75",6.19,16.9
1923.01,"2,607.31",6.24,16.8
1923.02,"2,731.17",6.28,16.8
1923.03,"2,787.95",6.32,16.8
1923.04,"2,687.12",6.31,16.9
1923.05,"2,572.90",6.35,16.9
1923.06,"2,473.19",6.35,17
1923.07,"2,375.11",6.31,17.2
1923.08,"2,413.78",6.38,17.1
1923.09,"2,427.52",6.38,17.2
1923.1,"2,390.95",6.37,17.3
1923.11,"2,475.52",6.41,17.3
1923.12,"2,572.56",6.44,17.3
1924.01,"2,670.14",6.48,17.3
1924.02,"2,711.34",6.55,17.2
1924.03,"2,688.64",6.62,17.1
1924.04,"2,656.18",6.69,17
1924.05,"2,660.83",6.72,17
1924.06,"2,725.23",6.75,17
1924.07,"2,849.04",6.74,17.1
1924.08,"2,978.55",6.81,17
1924.09,"2,947.00",6.81,17.1
1924.1,"2,906.28",6.8,17.2
1924.11,"3,083.17",6.83,17.2
1924.12,"3,245.28",6.82,17.3
1925.01,"3,394.18",6.85,17.3
1925.02,"3,457.97",6.92,17.2
1925.03,"3,362.87",6.91,17.3
1925.04,"3,361.98",6.98,17.2
1925.05,"3,465.31",6.98,17.3
1925.06,"3,502.53",6.93,17.5
1925.07,"3,574.62",6.88,17.7
1925.08,"3,638.58",6.91,17.7
1925.09,"3,738.51",6.94,17.7
1925.1,"3,877.95",6.97,17.7
1925.11,"3,947.90",6.88,18
1925.12,"4,050.91",6.95,17.9
1926.01,"4,129.14",6.98,17.9
1926.02,"4,152.40",7.02,17.9
1926.03,"3,909.39",7.1,17.8
1926.04,"3,796.20",7.09,17.9
1926.05,"3,861.80",7.17,17.8
1926.06,"4,086.45",7.25,17.7
1926.07,"4,325.77",7.37,17.5
1926.08,"4,541.96",7.45,17.4
1926.09,"4,604.00",7.45,17.5
1926.1,"4,494.07",7.45,17.6
1926.11,"4,546.54",7.44,17.7
1926.12,"4,669.77",7.48,17.7
1927.01,"4,711.96",7.61,17.5
1927.02,"4,851.72",7.67,17.4
1927.03,"4,975.92",7.74,17.3
1927.04,"5,119.32",7.76,17.3
1927.05,"5,287.00",7.74,17.4
1927.06,"5,316.11",7.67,17.6
1927.07,"5,550.46",7.83,17.3
1927.08,"5,902.56",7.9,17.2
1927.09,"6,224.46",7.87,17.3
1927.1,"6,116.74",7.85,17.4
1927.11,"6,315.72",7.92,17.3
1927.12,"6,487.55",7.94,17.3
1928.01,"6,537.61",7.96,17.3
1928.02,"6,559.47",8.06,17.1
1928.03,"6,936.62",8.07,17.1
1928.04,"7,398.95",8.08,17.1
1928.05,"7,608.82",8.04,17.2
1928.06,"7,304.13",8.09,17.1
1928.07,"7,384.03",8.1,17.1
1928.08,"7,649.41",8.11,17.1
1928.09,"8,118.75",8.02,17.3
1928.1,"8,358.72",8.08,17.2
1928.11,"8,950.90",8.09,17.2
1928.12,"9,066.04",8.14,17.1
1929.01,"9,763.78",8.15,17.1
1929.02,"9,843.31",8.2,17.1
1929.03,"10,104.60",8.29,17
1929.04,"10,134.08",8.38,16.9
1929.05,"10,255.79",8.37,17
1929.06,"10,420.64",8.36,17.1
1929.07,"11,248.13",8.31,17.3
1929.08,"11,918.55",8.35,17.3
1929.09,"12,424.73",8.39,17.3
1929.1,"11,142.23",8.43,17.3
1929.11,"8,224.31",8.48,17.3
1929.12,"8,634.22",8.57,17.2
1930.01,"8,843.35",8.66,17.1
1930.02,"9,485.79",8.73,17
1930.03,"9,935.27",8.81,16.9
1930.04,"10,537.39",8.77,17
1930.05,"10,000.72",8.85,16.9
1930.06,"9,077.44",8.92,16.8
1930.07,"9,025.15",9.05,16.6
1930.08,"8,998.53",9.13,16.5
1930.09,"8,975.07",9.1,16.6
1930.1,"7,822.14",9.17,16.5
1930.11,"7,334.76",9.25,16.4
1930.12,"7,009.15",9.45,16.1
1931.01,"7,349.25",9.59,15.9
1931.02,"8,048.10",9.71,15.7
1931.03,"8,291.98",9.78,15.6
1931.04,"7,587.21",9.85,15.5
1931.05,"6,981.77",9.98,15.3
1931.06,"6,884.18",10.12,15.1
1931.07,"7,149.17",10.12,15.1
1931.08,"6,970.95",10.13,15.1
1931.09,"6,008.57",10.2,15
1931.1,"5,277.09",10.28,14.9
1931.11,"5,458.18",10.42,14.7
1931.12,"4,500.30",10.5,14.6
1932.01,"4,554.48",10.73,14.3
1932.02,"4,615.69",10.94,14.1
1932.03,"4,700.43",11.08,14
1932.04,"3,633.47",11.23,13.9
1932.05,"3,268.10",11.45,13.7
1932.06,"2,882.86",11.6,13.6
1932.07,"3,059.80",11.67,13.6
1932.08,"4,664.03",11.82,13.5
1932.09,"5,184.53",11.97,13.4
1932.1,"4,531.75",12.13,13.3
1932.11,"4,549.34",12.28,13.2
1932.12,"4,461.61",12.44,13.1
1933.01,"4,737.56",12.71,12.9
1933.02,"4,269.75",12.96,12.7
1933.03,"4,317.69",13.11,12.6
1933.04,"4,802.83",13.17,12.6
1933.05,"6,210.62",13.22,12.6
1933.06,"7,244.83",13.17,12.7
1933.07,"7,617.64",12.82,13.1
1933.08,"7,208.75",12.77,13.2
1933.09,"7,173.57",12.83,13.2
1933.1,"6,500.62",12.88,13.2
1933.11,"6,682.42",12.93,13.2
1933.12,"6,837.30",12.98,13.2
1934.01,"7,253.39",13.03,13.2
1934.02,"7,756.73",13,13.3
1934.03,"7,384.57",13.06,13.3
1934.04,"7,533.74",13.12,13.3
1934.05,"6,793.48",13.19,13.3
1934.06,"6,857.63",13.15,13.4
1934.07,"6,559.00",13.22,13.4
1934.08,"6,328.52",13.28,13.4
1934.09,"6,110.26",13.15,13.6
1934.1,"6,229.94",13.31,13.5
1934.11,"6,430.02",13.37,13.5
1934.12,"6,546.65",13.54,13.4
1935.01,"6,476.50",13.4,13.6
1935.02,"6,260.86",13.35,13.7
1935.03,"5,889.60",13.39,13.7
1935.04,"6,310.80",13.34,13.8
1935.05,"6,832.24",13.38,13.8
1935.06,"7,169.16",13.53,13.7
1935.07,"7,570.59",13.57,13.7
1935.08,"8,108.47",13.61,13.7
1935.09,"8,305.78",13.66,13.7
1935.1,"8,554.38",13.7,13.7
1935.11,"9,317.64",13.65,13.8
1935.12,"9,345.63",13.69,13.8
1936.01,"9,890.31",13.74,13.8
1936.02,"10,487.49",13.76,13.8
1936.03,"10,819.37",13.89,13.7
1936.04,"10,865.28",13.92,13.7
1936.05,"10,320.88",13.95,13.7
1936.06,"10,715.74",13.87,13.8
1936.07,"11,303.11",13.8,13.9
1936.08,"11,481.41",13.73,14
1936.09,"11,648.41",13.76,14
1936.1,"12,297.16",13.79,14
1936.11,"12,680.81",13.81,14
1936.12,"12,505.50",13.84,14
1937.01,"12,846.84",13.77,14.1
1937.02,"13,271.66",13.81,14.1
1937.03,"13,209.12",13.76,14.2
1937.04,"12,380.79",13.71,14.3
1937.05,"11,794.27",13.65,14.4
1937.06,"11,402.34",13.69,14.4
1937.07,"12,046.32",13.64,14.5
1937.08,"12,217.97",13.68,14.5
1937.09,"10,462.86",13.63,14.6
1937.1,"8,988.45",13.67,14.6
1937.11,"8,302.99",13.81,14.5
1937.12,"8,276.05",13.95,14.4
1938.01,"8,663.82",14.19,14.2
1938.02,"8,567.55",14.34,14.1
1938.03,"8,051.47",14.39,14.1
1938.04,"7,718.63",14.34,14.2
1938.05,"7,893.45",14.49,14.1
1938.06,"8,124.14",14.54,14.1
1938.07,"9,786.72",14.59,14.1
1938.08,"9,888.45",14.65,14.1
1938.09,"9,482.79",14.7,14.1
1938.1,"10,656.62",14.85,14
1938.11,"10,702.86",14.9,14
1938.12,"10,426.48",14.96,14
1939.01,"10,305.52",15.01,14
1939.02,"10,332.38",15.16,13.9
1939.03,"10,360.15",15.21,13.9
1939.04,"9,158.08",15.37,13.8
1939.05,"9,533.44",15.41,13.8
1939.06,"9,740.72",15.46,13.8
1939.07,"10,017.69",15.51,13.8
1939.08,"9,911.46",15.55,13.8
1939.09,"10,773.75",15.27,14.1
1939.1,"11,002.24",15.42,14
1939.11,"10,848.72",15.47,14
1939.12,"10,636.08",15.51,14
1940.01,"10,696.97",15.67,13.9
1940.02,"10,596.57",15.62,14
1940.03,"10,581.40",15.68,14
1940.04,"10,732.11",15.74,14
1940.05,"9,300.82",15.8,14
1940.06,"8,487.84",15.74,14.1
1940.07,"8,879.73",15.91,14
1940.08,"9,115.52",15.97,14
1940.09,"9,549.70",16.03,14
1940.1,"9,689.70",16.09,14
1940.11,"9,965.88",16.15,14
1940.12,"9,539.98",16.09,14.1
1941.01,"9,608.93",16.15,14.1
1941.02,"9,059.16",16.11,14.1
1941.03,"9,101.48",15.96,14.2
1941.04,"8,807.98",15.82,14.3
1941.05,"8,608.19",15.68,14.4
1941.06,"8,779.02",15.33,14.7
1941.07,"9,280.74",15.3,14.7
1941.08,"9,163.35",15.06,14.9
1941.09,"9,120.21",14.83,15.1
1941.1,"8,692.12",14.61,15.3
1941.11,"8,283.30",14.49,15.4
1941.12,"7,746.05",14.37,15.5
1942.01,"7,846.95",14.16,15.7
1942.02,"7,603.49",14.1,15.8
1942.03,"7,150.39",13.95,16
1942.04,"6,859.84",13.89,16.1
1942.05,"6,901.71",13.75,16.3
1942.06,"7,297.71",13.78,16.3
1942.07,"7,570.06",13.72,16.4
1942.08,"7,526.60",13.67,16.5
1942.09,"7,650.73",13.69,16.5
1942.1,"8,160.73",13.56,16.7
1942.11,"8,286.23",13.5,16.8
1942.12,"8,323.46",13.45,16.9
1943.01,"8,864.80",13.47,16.9
1943.02,"9,435.14",13.5,16.9
1943.03,"9,642.76",13.29,17.2
1943.04,"9,892.85",13.17,17.4
1943.05,"10,265.51",13.12,17.5
1943.06,"10,489.27",13.14,17.5
1943.07,"10,810.63",13.24,17.4
1943.08,"10,379.84",13.35,17.3
1943.09,"10,583.91",13.3,17.4
1943.1,"10,531.19",13.32,17.4
1943.11,"10,088.45",13.35,17.4
1943.12,"10,267.27",13.38,17.4
1944.01,"10,643.90",13.4,17.4
1944.02,"10,618.20",13.44,17.4
1944.03,"10,962.52",13.48,17.4
1944.04,"10,757.50",13.44,17.5
1944.05,"10,994.74",13.48,17.5
1944.06,"11,494.70",13.44,17.6
1944.07,"11,775.06",13.4,17.7
1944.08,"11,651.02",13.44,17.7
1944.09,"11,508.53",13.48,17.7
1944.1,"11,840.39",13.52,17.7
1944.11,"11,806.76",13.56,17.7
1944.12,"12,045.69",13.52,17.8
1945.01,"12,453.60",13.55,17.8
1945.02,"12,918.78",13.6,17.8
1945.03,"12,959.71",13.64,17.8
1945.04,"13,335.72",13.69,17.8
1945.05,"13,813.00",13.66,17.9
1945.06,"13,959.17",13.55,18.1
1945.07,"13,722.77",13.59,18.1
1945.08,"13,820.00",13.64,18.1
1945.09,"14,812.47",13.68,18.1
1945.1,"15,481.08",13.73,18.1
1945.11,"16,039.34",13.77,18.1
1945.12,"16,274.17",13.74,18.2
1946.01,"16,974.30",13.78,18.2
1946.02,"17,168.59",13.88,18.1
1946.03,"16,526.75",13.74,18.3
1946.04,"17,549.60",13.69,18.4
1946.05,"17,545.16",13.63,18.5
1946.06,"17,298.73",13.51,18.7
1946.07,"15,921.72",12.77,19.8
1946.08,"15,353.30",12.54,20.2
1946.09,"13,010.40",12.43,20.4
1946.1,"12,521.78",12.21,20.8
1946.11,"12,226.69",11.94,21.3
1946.12,"12,524.56",11.85,21.5
1947.01,"12,639.99",11.86,21.5
1947.02,"13,179.93",11.87,21.5
1947.03,"12,464.21",11.66,21.9
1947.04,"12,054.04",11.66,21.9
1947.05,"11,890.75",11.67,21.9
1947.06,"12,301.70",11.62,22
1947.07,"13,007.56",11.52,22.2
1947.08,"12,634.74",11.38,22.5
1947.09,"12,092.91",11.14,23
1947.1,"12,460.05",11.14,23
1947.11,"12,316.67",11.1,23.1
1947.12,"12,023.40",10.97,23.4
1948.01,"11,768.75",10.83,23.7
1948.02,"11,341.13",10.96,23.5
1948.03,"11,608.37",11.04,23.4
1948.04,"12,347.75",10.88,23.8
1948.05,"12,951.48",10.87,23.9
1948.06,"13,433.18",10.81,24.1
1948.07,"13,008.80",10.71,24.4
1948.08,"12,633.74",10.7,24.5
1948.09,"12,548.54",10.73,24.5
1948.1,"13,003.04",10.81,24.4
1948.11,"12,443.10",10.93,24.2
1948.12,"12,476.35",11,24.1
1949.01,"12,733.61",11.08,24
1949.02,"12,414.50",11.2,23.8
1949.03,"12,600.81",11.22,23.8
1949.04,"12,600.92",11.19,23.9
1949.05,"12,631.68",11.26,23.8
1949.06,"11,961.80",11.23,23.9
1949.07,"12,818.76",11.35,23.7
1949.08,"13,297.73",11.32,23.8
1949.09,"13,490.37",11.29,23.9
1949.1,"14,034.07",11.41,23.7
1949.11,"14,249.70",11.38,23.8
1949.12,"14,838.77",11.5,23.6
1950.01,"15,294.58",11.57,23.5
1950.02,"15,681.17",11.57,23.5
1950.03,"15,830.21",11.53,23.6
1950.04,"16,367.01",11.53,23.6
1950.05,"16,936.68",11.48,23.7
1950.06,"17,231.37",11.43,23.8
1950.07,"15,876.00",11.29,24.1
1950.08,"16,793.72",11.2,24.3
1950.09,"17,415.33",11.16,24.4
1950.1,"18,092.82",11.07,24.6
1950.11,"18,090.86",11.03,24.7
1950.12,"17,912.08",10.9,25
1951.01,"19,043.87",10.73,25.4
1951.02,"19,633.78",10.62,25.7
1951.03,"19,341.36",10.59,25.8
1951.04,"19,714.93",10.61,25.8
1951.05,"19,763.25",10.58,25.9
1951.06,"19,537.95",10.6,25.9
1951.07,"19,999.32",10.61,25.9
1951.08,"20,991.33",10.63,25.9
1951.09,"21,482.67",10.56,26.1
1951.1,"21,403.96",10.53,26.2
1951.11,"20,760.37",10.47,26.4
1951.12,"21,426.53",10.44,26.5
1952.01,"22,248.24",10.46,26.5
1952.02,"22,119.08",10.55,26.3
1952.03,"22,285.17",10.56,26.3
1952.04,"22,246.60",10.53,26.4
1952.05,"22,349.68",10.55,26.4
1952.06,"22,988.59",10.52,26.5
1952.07,"23,584.58",10.45,26.7
1952.08,"23,792.25",10.47,26.7
1952.09,"23,528.47",10.48,26.7
1952.1,"23,148.41",10.49,26.7
1952.11,"23,996.30",10.5,26.7
1952.12,"25,077.24",10.52,26.7
1953.01,"25,420.43",10.57,26.6
1953.02,"25,318.98",10.66,26.5
1953.03,"25,465.21",10.67,26.6
1953.04,"24,326.46",10.65,26.6
1953.05,"24,478.64",10.43,26.7
1953.06,"23,629.70",10.37,26.8
1953.07,"24,081.90",10.55,26.8
1953.08,"24,208.03",10.52,26.9
1953.09,"23,213.84",10.62,26.9
1953.1,"23,942.03",10.8,27
1953.11,"24,682.69",10.84,26.9
1953.12,"25,136.88",10.95,26.9
1954.01,"25,897.56",11.08,26.9
1954.02,"26,591.22",11.12,26.9
1954.03,"27,278.48",11.24,26.9
1954.04,"28,598.26",11.38,26.8
1954.05,"29,751.44",11.28,26.9
1954.06,"30,114.74",11.29,26.9
1954.07,"31,457.62",11.39,26.9
1954.08,"32,211.38",11.36,26.9
1954.09,"33,217.98",11.4,26.8
1954.1,"34,120.46",11.37,26.8
1954.11,"35,590.45",11.35,26.8
1954.12,"37,495.33",11.38,26.7
1955.01,"38,309.02",11.31,26.7
1955.02,"39,728.87",11.29,26.7
1955.03,"39,556.09",11.29,26.7
1955.04,"41,062.77",11.24,26.7
1955.05,"41,030.75",11.26,26.7
1955.06,"43,552.43",11.27,26.7
1955.07,"46,708.22",11.13,26.8
1955.08,"46,569.94",11.09,26.8
1955.09,"48,633.00",11.08,26.9
1955.1,"46,335.77",11.19,26.9
1955.11,"49,610.54",11.21,26.9
1955.12,"50,412.33",11.21,26.8
1956.01,"49,211.37",11.3,26.8
1956.02,"49,681.38",11.38,26.8
1956.03,"53,264.26",11.29,26.8
1956.04,"53,855.28",11.07,26.9
1956.05,"52,134.98",11.16,27
1956.06,"51,618.19",11.17,27.2
1956.07,"54,188.45",11.02,27.4
1956.08,"54,233.33",10.88,27.3
1956.09,"52,367.57",10.82,27.4
1956.1,"51,676.48",10.85,27.5
1956.11,"51,305.20",10.75,27.5
1956.12,"52,040.93",10.65,27.6
1957.01,"51,071.30",10.8,27.6
1957.02,"48,853.29",10.9,27.7
1957.03,"49,466.08",10.82,27.8
1957.04,"50,592.00",10.75,27.9
1957.05,"52,508.52",10.64,28
1957.06,"53,344.12",10.46,28.1
1957.07,"54,198.01",10.31,28.3
1957.08,"51,377.88",10.34,28.3
1957.09,"49,457.56",10.38,28.3
1957.1,"46,542.17",10.37,28.3
1957.11,"45,544.21",10.59,28.4
1957.12,"45,690.01",11.08,28.4
1958.01,"46,426.42",11.14,28.6
1958.02,"46,751.65",11.21,28.6
1958.03,"47,549.40",11.22,28.8
1958.04,"47,808.41",11.31,28.9
1958.05,"49,508.10",11.3,28.9
1958.06,"50,860.98",11.28,28.9
1958.07,"52,242.03",11.05,29
1958.08,"54,548.17",10.8,28.9
1958.09,"56,153.93",10.64,28.9
1958.1,"58,602.32",10.63,28.9
1958.11,"60,343.42",10.68,29
1958.12,"61,862.26",10.65,28.9
1959.01,"64,272.55",10.51,29
1959.02,"63,679.71",10.63,28.9
1959.03,"65,467.33",10.64,28.9
1959.04,"66,505.58",10.53,29
1959.05,"67,680.33",10.4,29
1959.06,"67,039.49",10.38,29.1
1959.07,"69,634.99",10.33,29.2
1959.08,"69,413.84",10.34,29.2
1959.09,"66,615.80",10.14,29.3
1959.1,"66,507.20",10.27,29.4
1959.11,"66,952.85",10.31,29.4
1959.12,"69,272.16",10.21,29.4
1960.01,"68,479.43",10.26,29.3
1960.02,"65,786.92",10.46,29.4
1960.03,"65,081.25",10.7,29.4
1960.04,"65,888.53",10.68,29.5
1960.05,"65,477.36",10.65,29.5
1960.06,"67,858.95",10.83,29.6
1960.07,"66,368.69",11.09,29.6
1960.08,"67,358.15",11.22,29.6
1960.09,"65,525.50",11.25,29.6
1960.1,"63,996.22",11.13,29.8
1960.11,"66,262.23",11.13,29.8
1960.12,"68,045.11",11.25,29.8
1961.01,"71,737.55",11.28,29.8
1961.02,"74,875.10",11.37,29.8
1961.03,"77,418.30",11.45,29.8
1961.04,"79,678.15",11.45,29.8
1961.05,"80,684.77",11.55,29.8
1961.06,"79,813.21",11.42,29.8
1961.07,"79,259.64",11.35,30
1961.08,"82,578.33",11.31,29.9
1961.09,"81,857.90",11.37,30
1961.1,"82,959.32",11.46,30
1961.11,"86,920.22",11.48,30
1961.12,"87,933.15",11.4,30
1962.01,"84,867.49",11.42,30
1962.02,"86,201.38",11.46,30.1
1962.03,"86,496.00",11.6,30.1
1962.04,"83,671.45",11.69,30.2
1962.05,"77,660.27",11.7,30.2
1962.06,"68,797.79",11.7,30.2
1962.07,"70,434.73",11.6,30.3
1962.08,"72,564.68",11.67,30.3
1962.09,"71,897.53",11.67,30.4
1962.1,"69,845.63",11.75,30.4
1962.11,"74,876.84",11.8,30.4
1962.12,"78,340.70",11.9,30.4
1963.01,"81,589.96",11.97,30.4
1963.02,"82,892.45",11.92,30.4
1963.03,"82,531.90",11.91,30.5
1963.04,"86,642.22",11.91,30.5
1963.05,"88,610.38",11.98,30.5
1963.06,"88,513.88",11.93,30.6
1963.07,"87,147.89",11.9,30.7
1963.08,"89,789.82",11.96,30.7
1963.09,"92,388.35",11.92,30.7
1963.1,"92,551.18",11.89,30.8
1963.11,"92,269.91",11.92,30.8
1963.12,"94,174.96",11.92,30.9
1964.01,"97,312.93",11.92,30.9
1964.02,"98,754.84",11.98,30.9
1964.03,"100,801.86",11.95,30.9
1964.04,"102,510.32",11.98,30.9
1964.05,"103,763.10",12.06,30.9
1964.06,"103,067.47",12.09,31
1964.07,"106,807.61",12.07,31.1
1964.08,"105,840.97",12.15,31
1964.09,"107,576.34",12.15,31.1
1964.1,"109,697.95",12.2,31.1
1964.11,"110,373.02",12.24,31.2
1964.12,"108,730.26",12.25,31.2
1965.01,"111,799.11",12.29,31.2
1965.02,"112,891.02",12.31,31.2
1965.03,"112,909.77",12.31,31.3
1965.04,"114,305.47",12.33,31.4
1965.05,"116,288.09",12.36,31.4
1965.06,"110,345.90",12.33,31.6
1965.07,"110,461.25",12.38,31.6
1965.08,"112,803.27",12.37,31.6
1965.09,"116,861.61",12.38,31.6
1965.1,"119,403.76",12.32,31.7
1965.11,"120,690.70",12.27,31.7
1965.12,"120,058.75",12.11,31.8
1966.01,"122,438.63",12.17,31.8
1966.02,"121,151.86",11.93,32
1966.03,"116,111.90",11.9,32.1
1966.04,"119,226.89",11.99,32.3
1966.05,"113,258.31",12.01,32.3
1966.06,"112,278.81",11.99,32.4
1966.07,"111,956.09",11.8,32.5
1966.08,"104,853.76",11.6,32.7
1966.09,"101,474.56",11.68,32.7
1966.1,"100,287.72",11.82,32.9
1966.11,"105,618.36",11.73,32.9
1966.12,"106,373.64",12.08,32.9
1967.01,"110,768.27",12.37,32.9
1967.02,"114,901.04",12.37,32.9
1967.03,"117,570.97",12.47,33
1967.04,"119,551.26",12.43,33.1
1967.05,"121,643.74",12.19,33.2
1967.06,"120,075.57",12.04,33.3
1967.07,"122,102.04",11.92,33.4
1967.08,"123,992.44",11.83,33.5
1967.09,"125,668.76",11.83,33.6
1967.1,"125,417.91",11.68,33.7
1967.11,"121,443.33",11.46,33.8
1967.12,"124,852.94",11.53,33.9
1968.01,"124,100.04",11.66,34.1
1968.02,"118,470.80",11.66,34.2
1968.03,"116,284.64",11.52,34.3
1968.04,"124,831.56",11.63,34.4
1968.05,"127,654.73",11.45,34.5
1968.06,"130,652.70",11.57,34.7
1968.07,"129,968.97",11.75,34.9
1968.08,"127,092.75",11.84,35
1968.09,"131,177.41",11.82,35.1
1968.1,"133,979.75",11.7,35.3
1968.11,"135,988.49",11.62,35.4
1968.12,"137,349.81",11.35,35.5
1969.01,"131,506.87",11.37,35.6
1969.02,"130,461.29",11.24,35.8
1969.03,"126,902.18",11.11,36.1
1969.04,"129,074.23",11.22,36.3
1969.05,"133,243.24",11.12,36.4
1969.06,"125,928.44",10.92,36.6
1969.07,"119,977.82",10.8,36.8
1969.08,"118,991.56",10.82,37
1969.09,"119,417.40",10.49,37.1
1969.1,"120,376.68",10.55,37.3
1969.11,"120,929.33",10.52,37.5
1969.12,"114,240.69",10.16,37.7
1970.01,"113,267.68",10.1,37.8
1970.02,"109,070.80",10.5,38
1970.03,"110,683.39",10.63,38.2
1970.04,"106,803.72",10.38,38.5
1970.05,"94,597.39",10.04,38.6
1970.06,"93,856.13",10.11,38.8
1970.07,"93,863.09",10.39,39
1970.08,"96,919.41",10.4,39
1970.09,"102,520.58",10.51,39.2
1970.1,"104,537.75",10.57,39.4
1970.11,"104,223.12",10.95,39.6
1970.12,"111,120.84",11.32,39.8
1971.01,"115,687.64",11.5,39.8
1971.02,"120,186.90",11.64,39.9
1971.03,"123,280.40",12.03,40
1971.04,"127,490.48",11.94,40.1
1971.05,"125,452.00",11.46,40.3
1971.06,"122,537.44",11.32,40.6
1971.07,"121,670.12",11.19,40.7
1971.08,"119,530.21",11.34,40.8
1971.09,"122,501.87",11.77,40.8
1971.1,"119,924.21",11.99,40.9
1971.11,"114,681.01",12.16,40.9
1971.12,"122,297.58",12.05,41.1
1972.01,"127,706.24",12.09,41.1
1972.02,"129,740.09",11.98,41.3
1972.03,"132,817.18",12.02,41.4
1972.04,"134,165.15",11.94,41.5
1972.05,"132,804.16",12.03,41.6
1972.06,"133,169.44",12.08,41.7
1972.07,"131,866.34",12.08,41.9
1972.08,"136,530.25",12.02,42
1972.09,"134,557.57",11.76,42.1
1972.1,"134,482.77",11.83,42.3
1972.11,"141,217.31",12.04,42.4
1972.12,"144,144.00",12,42.5
1973.01,"145,229.07",11.95,42.6
1973.02,"139,418.88",11.78,42.9
1973.03,"136,273.28",11.67,43.3
1973.04,"133,126.85",11.69,43.6
1973.05,"128,821.10",11.53,43.9
1973.06,"125,402.53",11.47,44.2
1973.07,"126,635.36",11.32,44.3
1973.08,"122,356.41",10.98,45.1
1973.09,"124,523.30",11.26,45.2
1973.1,"128,662.27",11.47,45.6
1973.11,"119,065.47",11.51,45.9
1973.12,"110,245.73",11.49,46.2
1974.01,"111,159.90",11.25,46.6
1974.02,"107,034.87",11.2,47.2
1974.03,"110,528.21",10.93,47.8
1974.04,"104,768.00",10.72,48
1974.05,"100,676.75",10.6,48.6
1974.06,"100,313.32",10.61,49
1974.07,"88,213.60",10.4,49.4
1974.08,"83,876.61",10.18,50
1974.09,"74,585.28",10.12,50.6
1974.1,"75,611.28",10.19,51.1
1974.11,"77,832.79",10.33,51.5
1974.12,"72,528.32",10.49,51.9
1975.01,"78,489.17",10.47,52.1
1975.02,"86,311.35",10.53,52.5
1975.03,"90,262.41",10.31,52.7
1975.04,"91,259.50",9.99,52.9
1975.05,"96,837.44",10.12,53.2
1975.06,"98,898.12",10.25,53.6
1975.07,"98,225.81",10.06,54.2
1975.08,"91,185.45",9.88,54.3
1975.09,"89,911.18",9.88,54.6
1975.1,"93,864.28",10.09,54.9
1975.11,"95,087.02",10.14,55.3
1975.12,"93,625.85",10.21,55.5
1976.01,"102,378.53",10.44,55.6
1976.02,"106,274.06",10.43,55.8
1976.03,"106,935.46",10.53,55.9
1976.04,"107,723.53",10.68,56.1
1976.05,"106,552.97",10.42,56.5
1976.06,"106,946.76",10.47,56.8
1976.07,"109,223.01",10.5,57.1
1976.08,"108,045.64",10.56,57.4
1976.09,"110,297.97",10.72,57.6
1976.1,"106,321.72",10.87,57.9
1976.11,"105,755.04",11.01,58
1976.12,"109,388.07",11.37,58.2
1977.01,"108,246.48",11.1,58.5
1977.02,"104,613.64",10.92,59.1
1977.03,"103,858.06",10.86,59.5
1977.04,"101,768.02",10.9,60
1977.05,"101,331.85",10.84,60.3
1977.06,"101,574.65",10.98,60.7
1977.07,"102,375.29",10.95,61
1977.08,"99,923.65",10.93,61.2
1977.09,"98,431.52",11.01,61.4
1977.1,"95,960.39",10.9,61.6
1977.11,"96,437.07",10.87,61.9
1977.12,"96,054.26",10.82,62.1
1978.01,"92,207.44",10.62,62.5
1978.02,"90,734.19",10.57,62.9
1978.03,"90,261.42",10.55,63.4
1978.04,"93,883.74",10.46,63.9
1978.05,"98,133.06",10.3,64.5
1978.06,"97,736.41",10.18,65.2
1978.07,"96,935.22",10.05,65.7
1978.08,"103,568.90",10.23,66
1978.09,"103,204.05",10.22,66.5
1978.1,"99,445.81",10.05,67.1
1978.11,"93,621.09",9.97,67.4
1978.12,"94,999.79",9.87,67.7
1979.01,"98,109.88",9.8,68.3
1979.02,"95,952.57",9.76,69.1
1979.03,"97,217.66",9.72,69.8
1979.04,"98,456.26",9.65,70.6
1979.05,"95,380.32",9.55,71.5
1979.06,"96,609.05",9.73,72.3
1979.07,"96,913.85",9.67,73.1
1979.08,"100,812.51",9.6,73.8
1979.09,"101,272.11",9.39,74.6
1979.1,"97,099.61",8.82,75.2
1979.11,"95,897.48",8.63,75.9
1979.12,"99,080.08",8.75,76.7
1980.01,"100,918.56",8.49,77.8
1980.02,"103,889.71",7.68,78.9
1980.03,"93,354.37",7.5,80.1
1980.04,"91,247.75",8.05,81
1980.05,"94,909.19",8.69,81.8
1980.06,"100,322.14",8.89,82.7
1980.07,"105,310.77",8.7,82.7
1980.08,"108,219.61",8.27,83.3
1980.09,"110,364.24",8.08,84
1980.1,"112,959.97",7.97,84.8
1980.11,"117,207.38",7.57,85.5
1980.12,"114,677.56",7.51,86.3
1981.01,"113,769.07",7.64,87
1981.02,"109,149.87",7.38,87.9
1981.03,"112,904.44",7.44,88.5
1981.04,"113,597.62",7.25,89.1
1981.05,"110,891.82",7.12,89.8
1981.06,"110,857.79",7.38,90.6
1981.07,"107,439.78",7.07,91.6
1981.08,"107,483.68",6.86,92.3
1981.09,"97,610.86",6.74,93.2
1981.1,"99,086.73",6.87,93.4
1981.11,"101,778.27",7.6,93.7
1981.12,"102,652.48",7.52,94
1982.01,"97,412.12",7.25,94.3
1982.02,"95,246.82",7.37,94.6
1982.03,"92,732.83",7.69,94.5
1982.04,"97,394.52",7.75,94.9
1982.05,"97,031.21",7.87,95.8
1982.06,"90,782.01",7.58,97
1982.07,"90,537.61",7.77,97.5
1982.08,"91,070.56",8.23,97.7
1982.09,"101,879.17",8.64,97.9
1982.1,"110,589.04",9.44,98.2
1982.11,"115,801.77",9.76,98
1982.12,"117,852.96",9.89,97.6
1983.01,"122,230.04",10,97.8
1983.02,"124,706.99",9.92,97.9
1983.03,"129,528.62",10.14,97.9
1983.04,"134,007.98",10.22,98.6
1983.05,"139,090.82",10.26,99.2
1983.06,"141,103.76",10.03,99.5
1983.07,"141,535.39",9.76,99.9
1983.08,"137,716.22",9.56,100.2
1983.09,"141,574.86",9.72,100.7
1983.1,"142,071.03",9.85,101
1983.11,"140,173.94",9.84,101.2
1983.12,"139,858.26",9.84,101.3
1984.01,"141,227.97",9.97,101.9
1984.02,"133,355.92",9.92,102.4
1984.03,"133,686.84",9.73,102.6
1984.04,"133,716.33",9.61,103.1
1984.05,"132,994.68",9.28,103.4
1984.06,"130,161.95",9.28,103.7
1984.07,"128,485.54",9.45,104.1
1984.08,"139,779.20",9.85,104.5
1984.09,"141,072.51",10.02,105
1984.1,"140,094.00",10.31,105.3
1984.11,"141,899.01",10.77,105.3
1984.12,"140,898.55",10.92,105.3
1985.01,"147,240.79",11.08,105.5
1985.02,"155,030.50",11.04,106
1985.03,"153,712.01",10.88,106.4
1985.04,"154,562.69",11.22,106.9
1985.05,"158,200.91",11.67,107.3
1985.06,"161,723.02",12.25,107.6
1985.07,"165,052.88",12.21,107.8
1985.08,"161,709.51",12.28,108
1985.09,"158,224.17",12.32,108.3
1985.1,"160,000.99",12.48,108.7
1985.11,"169,806.66",12.92,109
1985.12,"178,307.78",13.42,109.3
1986.01,"179,159.29",13.55,109.6
1986.02,"189,889.07",14.13,109.3
1986.03,"202,558.98",15.2,108.8
1986.04,"208,497.19",15.84,108.6
1986.05,"208,947.39",15.44,108.9
1986.06,"214,315.36",15.36,109.5
1986.07,"210,452.45",16,109.5
1986.08,"214,863.28",16.22,109.7
1986.09,"208,637.95",15.93,110.2
1986.1,"208,262.68",16.03,110.3
1986.11,"215,426.40",16.32,110.4
1986.12,"218,910.84",16.57,110.5
1987.01,"232,051.03",16.59,111.2
1987.02,"246,161.87",16.43,111.6
1987.03,"255,790.37",16.46,112.1
1987.04,"252,253.97",15.61,112.7
1987.05,"251,800.60",15.05,113.1
1987.06,"262,204.73",15.31,113.5
1987.07,"269,681.58",15.33,113.8
1987.08,"285,584.53",15.04,114.4
1987.09,"275,488.60",14.44,115
1987.1,"242,204.26",14.42,115.3
1987.11,"212,224.41",15.15,115.4
1987.12,"209,395.47",15.13,115.4
1988.01,"217,724.91",15.53,115.7
1988.02,"224,393.57",16.08,116
1988.03,"230,655.28",15.95,116.5
1988.04,"227,446.97",15.61,117.1
1988.05,"221,719.19",15.3,117.5
1988.06,"234,029.22",15.52,118
1988.07,"232,332.00",15.43,118.5
1988.08,"227,385.49",15.28,119
1988.09,"230,225.37",15.57,119.8
1988.1,"238,188.81",15.82,120.2
1988.11,"233,189.24",15.76,120.3
1988.12,"238,224.95",15.69,120.5
1989.01,"245,375.74",15.76,121.1
1989.02,"252,436.48",15.73,121.6
1989.03,"250,593.94",15.57,122.3
1989.04,"257,845.94",15.77,123.1
1989.05,"266,946.68",16.13,123.8
1989.06,"275,348.45",16.84,124.1
1989.07,"282,379.84",17.21,124.4
1989.08,"295,159.80",17.19,124.6
1989.09,"295,568.52",17.16,125
1989.1,"295,003.31",17.4,125.6
1989.11,"288,972.02",17.65,125.9
1989.12,"296,419.13",17.77,126.1
1990.01,"286,912.44",17.26,127.4
1990.02,"278,357.02",17,128
1990.03,"284,343.92",16.89,128.7
1990.04,"284,467.30",16.76,128.9
1990.05,"294,744.12",16.88,129.2
1990.06,"302,456.17",17.23,129.9
1990.07,"301,812.46",17.29,130.4
1990.08,"275,554.48",16.94,131.6
1990.09,"261,410.69",16.77,132.7
1990.1,"253,833.43",16.98,133.5
1990.11,"260,827.18",17.44,133.8
1990.12,"272,795.59",17.93,133.8
1991.01,"269,317.36",17.93,134.6
1991.02,"300,130.91",18.32,134.8
1991.03,"308,810.35",18.09,135
1991.04,"315,320.09",18.27,135.2
1991.05,"313,828.26",18.3,135.6
1991.06,"313,991.74",18.11,136
1991.07,"315,980.72",18.22,136.2
1991.08,"323,498.57",18.75,136.6
1991.09,"321,110.59",19.12,137.2
1991.1,"321,223.78",19.37,137.4
1991.11,"320,340.10",19.59,137.8
1991.12,"323,099.41",20.15,137.9
1992.01,"346,373.56",20.33,138.1
1992.02,"343,053.12",19.93,138.6
1992.03,"337,876.45",19.68,139.3
1992.04,"338,283.78",19.85,139.5
1992.05,"344,786.36",20.07,139.7
1992.06,"338,990.44",20.31,140.2
1992.07,"344,736.34",21,140.5
1992.08,"346,996.52",21.44,140.9
1992.09,"347,325.10",21.76,141.3
1992.1,"342,008.38",21.54,141.8
1992.11,"350,942.01",21.19,142
1992.12,"362,677.89",21.48,141.9
1993.01,"361,414.87",21.76,142.6
1993.02,"366,364.28",22.35,143.1
1993.03,"372,940.90",22.85,143.6
1993.04,"366,915.85",22.92,144
1993.05,"369,063.32",22.88,144.2
1993.06,"371,741.71",23.1,144.4
1993.07,"371,968.49",23.48,144.4
1993.08,"377,478.66",23.75,144.8
1993.09,"381,802.36",24.4,145.1
1993.1,"384,953.56",24.46,145.7
1993.11,"384,719.94",23.84,145.8
1993.12,"388,134.48",23.86,145.8
1994.01,"393,794.67",23.94,146.2
1994.02,"392,158.40",23.58,146.7
1994.03,"385,264.68",22.75,147.2
1994.04,"371,870.01",22.04,147.4
1994.05,"375,553.51",21.83,147.5
1994.06,"378,435.17",22.01,148
1994.07,"375,458.89",21.77,148.4
1994.08,"385,474.38",21.91,149
1994.09,"387,586.38",21.64,149.4
1994.1,"385,613.82",21.34,149.5
1994.11,"383,679.99",21.13,149.7
1994.12,"379,749.65",21.49,149.7
1995.01,"387,505.54",21.59,150.3
1995.02,"400,705.12",22.11,150.9
1995.03,"409,597.96",22.59,151.4
1995.04,"421,382.25",22.88,151.9
1995.05,"434,635.11",23.68,152.2
1995.06,"447,571.12",24.57,152.5
1995.07,"463,454.15",24.5,152.5
1995.08,"464,618.43",24.19,152.9
1995.09,"480,952.57",24.79,153.2
1995.1,"483,767.56",25.13,153.7
1995.11,"495,503.88",25.48,153.6
1995.12,"512,635.80",26.04,153.5
1996.01,"510,483.36",26.13,154.4
1996.02,"538,886.36",25.86,154.9
1996.03,"535,048.65",24.98,155.7
1996.04,"534,048.84",24.58,156.3
1996.05,"545,581.47",24.25,156.6
1996.06,"552,208.51",24.08,156.7
1996.07,"532,001.06",24.24,157
1996.08,"547,327.20",24.74,157.3
1996.09,"556,643.19",24.46,157.8
1996.1,"577,748.95",25.05,158.3
1996.11,"605,794.73",25.75,158.6
1996.12,"613,059.02",25.69,158.6
1997.01,"631,043.91",25.23,159.1
1997.02,"656,505.25",25.58,159.6
1997.03,"650,783.34",25.15,160
1997.04,"627,840.04",24.9,160.2
1997.05,"686,143.86",25.39,160.1
1997.06,"721,862.68",25.9,160.3
1997.07,"762,320.96",26.53,160.5
1997.08,"763,548.92",26.46,160.8
1997.09,"770,737.12",26.71,161.2
1997.1,"781,483.36",27.14,161.6
1997.11,"772,962.53",27.59,161.5
1997.12,"794,314.69",27.91,161.3
1998.01,"794,723.26",28.57,161.6
1998.02,"844,039.23",28.58,161.9
1998.03,"887,240.66",28.49,162.2
1998.04,"915,770.96",28.59,162.5
1998.05,"912,062.31",28.65,162.8
1998.06,"912,010.92",29.08,163
1998.07,"951,593.50",29.26,163.2
1998.08,"884,178.86",29.63,163.4
1998.09,"839,843.73",30.96,163.6
1998.1,"848,611.89",31.7,164
1998.11,"941,742.96",31.07,164
1998.12,"980,992.39",31.66,163.9
1999.01,"1,028,006.68",31.53,164.3
1999.02,"1,026,077.58",30.92,164.5
1999.03,"1,052,880.53",30.41,165
1999.04,"1,089,703.07",30.44,166.2
1999.05,"1,088,626.10",29.74,166.2
1999.06,"1,081,966.25",29.07,166.2
1999.07,"1,127,509.24",29.37,166.7
1999.08,"1,082,359.86",29.11,167.1
1999.09,"1,070,765.13",29.16,167.9
1999.1,"1,055,255.57",28.84,168.2
1999.11,"1,129,571.06",29.14,168.3
1999.12,"1,161,298.80",28.75,168.3
2000.01,"1,156,483.44",28.03,168.8
2000.02,"1,121,184.37",28.3,169.8
2000.03,"1,155,841.39",28.76,171.2
2000.04,"1,171,622.57",29.47,171.3
2000.05,"1,137,033.75",28.62,171.5
2000.06,"1,166,878.69",29.34,172.4
2000.07,"1,174,069.33",29.53,172.8
2000.08,"1,185,094.44",30.16,172.8
2000.09,"1,166,217.76",30.22,173.7
2000.1,"1,103,500.85",30.45,174
2000.11,"1,094,344.90",30.63,174.1
2000.12,"1,058,618.13",31.93,174
2001.01,"1,056,747.70",32.06,175.1
2001.02,"1,030,048.41",32.22,175.8
2001.03,"934,388.42",32.81,176.2
2001.04,"934,860.85",32.18,176.9
2001.05,"994,668.71",31.56,177.7
2001.06,"969,267.09",31.92,178
2001.07,"946,141.17",32.24,177.5
2001.08,"926,785.74",33.07,177.5
2001.09,"818,857.60",33.68,178.3
2001.1,"847,783.17",34.36,177.7
2001.11,"892,129.02",34.33,177.4
2001.12,"908,794.07",33.42,176.7
2002.01,"904,041.97",33.61,177.1
2002.02,"870,291.42",33.96,177.8
2002.03,"908,221.36",32.95,178.8
2002.04,"871,435.51",33.09,179.8
2002.05,"846,864.54",33.36,179.8
2002.06,"796,285.93",34.08,179.9
2002.07,"709,823.15",34.94,180.1
2002.08,"715,517.58",36.06,180.7
2002.09,"680,340.45",37.28,181
2002.1,"669,935.39",37.12,181.3
2002.11,"714,328.36",36.91,181.3
2002.12,"708,503.67",37.18,180.9
2003.01,"703,817.89",37.08,181.7
2003.02,"653,636.13",37.37,183.1
2003.03,"658,233.84",37.55,184.2
2003.04,"694,534.29",37.29,183.8
2003.05,"732,624.14",38.69,183.5
2003.06,"773,570.16",39.54,183.7
2003.07,"777,342.68",37.51,183.9
2003.08,"773,116.11",36.08,184.6
2003.09,"794,980.92",36.62,185.2
2003.1,"811,995.99",36.73,185
2003.11,"824,070.49",36.93,184.5
2003.12,"850,257.58",37.2,184.3
2004.01,"887,895.33",37.51,185.2
2004.02,"892,737.08",37.65,186.2
2004.03,"873,150.48",38.3,187.4
2004.04,"878,802.62",36.71,188
2004.05,"851,299.37",35.56,189.1
2004.06,"872,869.65",35.56,189.7
2004.07,"854,691.65",36.41,189.4
2004.08,"842,399.46",37.17,189.5
2004.09,"864,028.50",37.68,189.9
2004.1,"860,390.21",37.7,190.9
2004.11,"900,998.36",37.54,191
2004.12,"928,983.26",37.68,190.3
2005.01,"914,543.90",37.77,190.7
2005.02,"924,602.94",37.83,191.8
2005.03,"915,100.01",36.68,193.3
2005.04,"887,104.84",37.04,194.6
2005.05,"899,895.09",37.82,194.4
2005.06,"919,061.17",38.36,194.5
2005.07,"931,377.62",37.75,195.4
2005.08,"929,519.48",37.45,196.4
2005.09,"920,877.56",37.31,198.8
2005.1,"894,926.71",36.59,199.2
2005.11,"937,928.81",36.79,197.6
2005.12,"961,949.56",37.28,196.8
2006.01,"968,687.71",37.29,198.3
2006.02,"966,588.56",36.91,198.7
2006.03,"975,564.47",36.41,199.8
2006.04,"975,070.14",35.48,201.5
2006.05,"962,636.26",35.12,202.5
2006.06,"934,756.57",35.2,202.9
2006.07,"938,724.95",35.3,203.5
2006.08,"958,368.15",35.96,203.9
2006.09,"987,482.73",36.75,202.9
2006.1,"1,028,782.92",37.06,201.8
2006.11,"1,050,954.20",37.65,201.5
2006.12,"1,071,951.92",37.86,201.8
2007.01,"1,076,106.67",37.29,202.42
2007.02,"1,087,476.25",37.35,203.5
2007.03,"1,051,015.80",37.63,205.35
2007.04,"1,087,897.94",37.15,206.69
2007.05,"1,117,979.14",36.89,207.95
2007.06,"1,119,679.13",35.97,208.35
2007.07,"1,126,416.20",36.41,208.3
2007.08,"1,081,093.52",37.58,207.92
2007.09,"1,111,288.49",38.07,208.49
2007.1,"1,142,106.44",38.1,208.94
2007.11,"1,080,809.13",39.19,210.18
2007.12,"1,094,941.87",39.51,210.04
2008.01,"1,017,245.74",40.62,211.08
2008.02,"998,448.44",40.63,211.69
2008.03,"963,879.39",41.18,213.53
2008.04,"998,735.76",40.48,214.82
2008.05,"1,015,783.90",39.6,216.63
2008.06,"962,952.38",38.63,218.82
2008.07,"899,698.06",38.84,219.96
2008.08,"922,370.99",39.51,219.09
2008.09,"878,877.02",40.35,218.78
2008.1,"708,548.30",40.49,216.57
2008.11,"660,210.85",42.37,212.43
2008.12,"664,757.77",47.13,210.23
2009.01,"654,602.09",46.61,211.14
2009.02,"607,681.64",45.08,212.19
2009.03,"571,706.20",45.27,212.71
2009.04,"640,516.42",44.83,213.24
2009.05,"681,170.90",43.45,213.86
2009.06,"694,710.24",41.67,215.69
2009.07,"704,668.25",42.42,215.35
2009.08,"760,152.31",42.35,215.83
2009.09,"787,372.65",43.12,215.97
2009.1,"805,487.10",43.24,216.18
2009.11,"821,743.81",43.29,216.33
2009.12,"841,485.42",42.81,215.95
2010.01,"849,988.55",42.29,216.69
2010.02,"825,135.52",42.55,216.74
2010.03,"870,588.00",42.37,217.63
2010.04,"904,608.77",42.01,218.01
2010.05,"850,739.54",43.63,218.18
2010.06,"821,397.88",44.61,217.97
2010.07,"819,924.75",45.45,218.01
2010.08,"825,872.00",46.72,218.31
2010.09,"853,223.61",47,218.44
2010.1,"891,177.71",47.5,218.71
2010.11,"913,000.17",46.67,218.8
2010.12,"945,290.20",44.61,219.18
2011.01,"973,396.27",44.15,220.22
2011.02,"999,154.22",43.36,221.31
2011.03,"978,512.18",43.69,223.47
2011.04,"993,863.82",43.35,224.91
2011.05,"995,750.38",44.33,225.96
2011.06,"960,327.31",45.14,225.72
2011.07,"989,255.01",45.22,225.92
2011.08,"883,945.95",48,226.55
2011.09,"875,657.20",49.4,226.89
2011.1,"903,983.00",48.83,226.42
2011.11,"920,760.20",49.58,226.23
2011.12,"937,413.95",49.92,225.67
2012.01,"977,962.36",49.82,226.67
2012.02,"1,014,224.71",49.69,227.66
2012.03,"1,035,627.34",48.52,229.39
2012.04,"1,032,133.60",48.98,230.09
2012.05,"1,001,426.06",50.23,229.82
2012.06,"991,359.35",51.21,229.48
2012.07,"1,022,009.90",51.79,229.1
2012.08,"1,050,811.13",50.86,230.38
2012.09,"1,077,775.03",50.52,231.41
2012.1,"1,075,887.67",50.47,231.32
2012.11,"1,050,370.68",51.25,230.22
2012.12,"1,076,154.75",51.13,229.6
2013.01,"1,118,802.66",50.18,230.28
2013.02,"1,135,621.85",49.54,232.17
2013.03,"1,163,514.55",49.58,232.77
2013.04,"1,181,682.32",50.62,232.53
2013.05,"1,233,563.66",49.83,232.95
2013.06,"1,216,879.27",48.16,233.5
2013.07,"1,256,011.06",47.05,233.6
2013.08,"1,257,693.55",46.44,233.88
2013.09,"1,271,236.32",46.22,234.15
2013.1,"1,301,519.52",47.21,233.55
2013.11,"1,354,537.03",47,233.07
2013.12,"1,375,278.96",46.38,233.05
2014.01,"1,383,468.38",46.48,233.92
2014.02,"1,376,604.96",47.02,234.78
2014.03,"1,405,057.32",46.79,236.29
2014.04,"1,403,289.44",46.78,237.07
2014.05,"1,419,853.38",47.34,237.9
2014.06,"1,462,536.98",47.18,238.34
2014.07,"1,485,016.53",47.55,238.25
2014.08,"1,481,173.77",48.24,237.85
2014.09,"1,506,399.15",47.83,238.03
2014.1,"1,470,244.64",49.03,237.43
2014.11,"1,562,588.79",49.26,236.15
2014.12,"1,581,481.17",50.17,234.81
2015.01,"1,571,349.91",52,233.71
2015.02,"1,608,820.53",51.39,234.72
2015.03,"1,600,216.59",50.9,236.12
2015.04,"1,611,017.93",51.34,236.6
2015.05,"1,618,557.95",49.98,237.81
2015.06,"1,605,903.65",49.19,238.64
2015.07,"1,604,533.65",49.46,238.65
2015.08,"1,567,870.30",50.29,238.32
2015.09,"1,499,555.77",50.46,237.95
2015.1,"1,565,016.00",51.02,237.84
2015.11,"1,614,335.86",50.36,237.34
2015.12,"1,602,023.46",50.71,236.53
2016.01,"1,496,716.01",51.4,236.92
2016.02,"1,487,271.91",52.9,237.11
2016.03,"1,575,131.08",52.23,238.13
2016.04,"1,612,096.63",52.44,239.26
2016.05,"1,600,726.28",52.31,240.23
2016.06,"1,612,514.27",53.02,241.02
2016.07,"1,668,397.89",53.87,240.63
2016.08,"1,686,869.29",53.59,240.85
2016.09,"1,675,454.00",53.19,241.43
2016.1,"1,664,915.24",52.56,241.73
2016.11,"1,687,552.93",50.94,241.35
2016.12,"1,753,583.68",49.45,241.43
2017.01,"1,768,502.20",49.52,242.84
2017.02,"1,808,391.96",49.51,243.6
2017.03,"1,838,545.68",49.31,243.8
2017.04,"1,830,304.54",50.05,244.52
2017.05,"1,859,708.69",50.1,244.73
2017.06,"1,891,047.80",50.64,244.96
2017.07,"1,911,068.15",50.19,244.79
2017.08,"1,910,104.71",50.62,245.52
2017.09,"1,931,477.30",50.49,246.82
2017.1,"1,985,570.64",49.91,246.66
2017.11,"2,017,099.99",50.05,246.67
2017.12,"2,076,499.84",49.95,246.52
2018.01,"2,165,682.23",49,247.87
2018.02,"2,093,694.59",47.71,248.99
2018.03,"2,090,343.14",47.79,249.55
2018.04,"2,047,442.91",47.59,250.55
2018.05,"2,078,980.89",47.08,251.59
2018.06,"2,119,551.99",47.39,251.99
2018.07,"2,152,940.25",47.58,252.01
2018.08,"2,204,508.82",47.67,252.15
2018.09,"2,238,966.20",47.28,252.44
2018.1,"2,149,022.11",46.71,252.89
2018.11,"2,111,508.48",47.11,252.04
2018.12,"2,000,475.37",48.57,251.23
2019.01,"2,031,349.15",49.1,251.71
2019.02,"2,140,731.28",49.13,252.78
2019.03,"2,170,215.91",49.43,254.2
2019.04,"2,239,185.77",49.45,255.55
2019.05,"2,200,226.79",50.01,256.09
2019.06,"2,230,714.57",51.63,256.14
2019.07,"2,312,252.54",53.66,256.57
2019.08,"2,239,914.97",53.73,256.56
2019.09,"2,307,238.37",53.42,256.76
2019.1,"2,302,223.15",53.33,257.35
2019.11,"2,405,608.53",52.95,257.21
2019.12,"2,467,277.31",52.84,256.97
2020.01,"2,540,016.46",53.19,257.97
2020.02,"2,536,195.34",54.39,258.68
2020.03,"2,060,919.59",57.84,258.12
2020.04,"2,164,398.11",59.45,256.39
2020.05,"2,291,781.61",59.42,256.39
2020.06,"2,427,654.91",58.79,257.8
2020.07,"2,499,390.20",59.15,259.1
2020.08,"2,638,354.63",58.83,259.92
2020.09,"2,618,147.73",58.61,260.28
2020.1,"2,662,220.00",58,260.39
2020.11,"2,769,165.85",57.63,260.23
2020.12,"2,884,406.56",57.29,260.47
2021.01,"2,952,461.24",56.29,261.58
2021.02,"3,009,533.37",55.1,263.01
2021.03,"3,012,897.33",53.01,264.88
2021.04,"3,168,283.65",52.51,267.05
2021.05,"3,166,984.81",52.26,269.2
2021.06,"3,194,645.14",52.32,271.7
2021.07,"3,276,928.64",53.1,273
2021.08,"3,341,660.24",53.25,273.57
2021.09,"3,329,821.84",52.72,274.31
2021.1,"3,317,341.40",51.34,276.59
2021.11,"3,457,774.84",51.25,277.95
2021.12,"3,456,355.70",51.58,278.8
2022.01,"3,357,215.68",49.86,281.15
2022.02,"3,230,296.75",48.73,283.72
2022.03,"3,159,314.26",47.3,287.5
2022.04,"3,145,532.73",44.6,289.11
2022.05,"2,866,337.07",43.64,292.3
2022.06,"2,732,268.89",42.27,296.31
2022.07,"2,745,314.89",43.26,296.28
2022.08,"2,923,377.51",43.38,296.17
2022.09,"2,704,839.34",41.15,296.81
2022.1,"2,610,669.11",39.56,298.01
2022.11,"2,751,455.64",40.03,297.71
2022.12,"2,760,259.33",41.18,296.8
2023.01,"2,776,082.58",41.29,299.17
2023.02,"2,847,574.75",40.43,300.84
2023.03,"2,764,824.21",40.72,301.84
2023.04,"2,860,849.23",41.32,303.36
2023.05,"2,874,723.42",40.96,304.13
2023.06,"3,007,097.59",40.34,305.11
2023.07,"3,117,718.45",39.89,305.69
2023.08,"3,073,205.37",38.98,307.03
2023.09,"3,036,365.77",38.36,307.79
2023.1,"2,945,289.96",37.25,307.67
2023.11,"3,087,063.91",38.37,307.05
2023.12,"3,250,074.50",40.05,306.75
2024.01,"3,326,599.75",39.84,308.42
2024.02,"3,444,979.41",39.25,310.33
2024.03,"3,535,205.55",39.13,312.33
2024.04,"3,485,980.71",38.09,313.55
2024.05,"3,567,806.27",38.36,314.07
2024.06,"3,693,259.53",39.01,314.18
2024.07,"3,776,785.81",39.3,314.54
2024.08,"3,737,113.32",40.63,314.8
2024.09,"3,832,720.17",41.2,315.3
2024.1,"3,949,003.86",40.01,315.66
2024.11,"4,049,230.28",39.33,315.49
2024.12,"4,107,336.03",39.36,315.61
2025.01,"4,063,570.03",38.5,317.67
2025.02,"4,089,905.26",39.03,319.08
2025.03,"3,845,325.22",39.63,319.8
2025.04,"3,625,591.94",39.64,320.8
2025.05,"3,919,793.24",39.26,321.47
2025.06,"4,067,651.84",39.49,321.8
2025.07,"4,233,686.04",39.87,321.97
,,,June/July CPI estimaated