Date,Consumer Price Index CPI,Real Total Return Price,Real Total Bond Returns
1871.01,12.46,114.69,1
1871.02,12.84,113.34,0.97
1871.03,13.03,114.95,0.96
1871.04,12.56,123.23,1
1871.05,12.27,129.87,1.03
1871.06,12.08,131.42,1.05
1871.07,12.08,129.55,1.06
1871.08,11.89,133.9,1.08
1871.09,12.18,132.72,1.06
1871.1,12.37,124.51,1.05
1871.11,12.37,126.45,1.05
1871.12,12.65,126.84,1.03
1872.01,12.65,130.64,1.04
1872.02,12.65,131.78,1.04
1872.03,12.84,134.68,1.03
1872.04,13.13,136.01,1.01
1872.05,13.13,136.61,1.01
1872.06,13.03,136.9,1.02
1872.07,12.84,138.76,1.04
1872.08,12.94,136.76,1.04
1872.09,13.03,133.99,1.03
1872.1,12.75,138.22,1.06
1872.11,13.13,134.34,1.03
1872.12,12.94,140.31,1.05
1873.01,12.94,142.11,1.05
1873.02,13.23,140.83,1.03
1873.03,13.23,140.43,1.04
1873.04,13.23,139.22,1.05
1873.05,12.94,143.31,1.07
1873.06,12.56,146.37,1.11
1873.07,12.56,146.85,1.12
1873.08,12.56,147.64,1.12
1873.09,12.56,137.15,1.13
1873.1,12.27,128.94,1.16
1873.11,11.89,129.17,1.21
1873.12,12.18,138.86,1.18
1874.01,12.37,145,1.17
1874.02,12.37,150.22,1.18
1874.03,12.37,148.89,1.19
1874.04,12.18,147.93,1.22
1874.05,12.08,146.1,1.23
1874.06,11.8,149.89,1.27
1874.07,11.89,149.6,1.27
1874.08,11.8,152.08,1.29
1874.09,11.8,155.4,1.3
1874.1,11.61,158.55,1.33
1874.11,11.51,162.24,1.35
1874.12,11.51,162.16,1.36
1875.01,11.51,163.13,1.37
1875.02,11.51,163.74,1.38
1875.03,11.51,166.88,1.39
1875.04,11.61,168.64,1.39
1875.05,11.32,167.19,1.43
1875.06,11.13,167.62,1.47
1875.07,11.13,169,1.48
1875.08,11.23,169.31,1.48
1875.09,11.13,170.2,1.5
1875.1,11.13,168.47,1.51
1875.11,11.04,173.68,1.53
1875.12,10.94,176.2,1.56
1876.01,10.85,182.42,1.58
1876.02,10.85,185.9,1.59
1876.03,10.85,186.51,1.6
1876.04,10.75,182.11,1.62
1876.05,10.37,182.92,1.69
1876.06,10.09,187.88,1.74
1876.07,10.09,186.74,1.75
1876.08,10.18,178.46,1.74
1876.09,10.28,167.13,1.74
1876.1,10.47,164.31,1.71
1876.11,10.56,160.84,1.71
1876.12,10.75,158.21,1.68
1877.01,10.94,155.21,1.66
1877.02,10.66,150.99,1.71
1877.03,10.18,151.08,1.8
1877.04,10.47,137.31,1.76
1877.05,10.66,135.83,1.74
1877.06,10.09,134.27,1.84
1877.07,10.18,139.82,1.83
1877.08,9.8,156.4,1.91
1877.09,9.7,168.71,1.94
1877.1,9.7,173.26,1.95
1877.11,9.51,174.94,2
1877.12,9.51,175.25,2
1878.01,9.23,181.55,2.08
1878.02,9.13,180.38,2.11
1878.03,8.94,188.6,2.16
1878.04,8.85,196.84,2.19
1878.05,8.56,204.95,2.28
1878.06,8.37,214.97,2.34
1878.07,8.47,217.88,2.32
1878.08,8.56,214.54,2.31
1878.09,8.56,219.84,2.32
1878.1,8.47,220.74,2.35
1878.11,8.37,223.57,2.39
1878.12,8.18,228.45,2.46
1879.01,8.28,235.32,2.44
1879.02,8.37,242.09,2.42
1879.03,8.28,241.93,2.46
1879.04,8.18,253.83,2.5
1879.05,8.18,266.33,2.52
1879.06,8.09,271.91,2.56
1879.07,8.18,275.27,2.54
1879.08,8.18,278.41,2.55
1879.09,8.47,280.01,2.48
1879.1,8.94,295.05,2.36
1879.11,9.42,296.1,2.25
1879.12,9.7,287.78,2.19
1880.01,9.99,291.32,2.14
1880.02,9.99,297.45,2.15
1880.03,10.09,301.33,2.14
1880.04,9.7,307.14,2.24
1880.05,9.42,292.54,2.32
1880.06,9.23,301.03,2.38
1880.07,9.23,316.09,2.39
1880.08,9.23,328.7,2.41
1880.09,9.32,326,2.4
1880.1,9.32,336.75,2.41
1880.11,9.42,352.19,2.4
1880.12,9.51,364.31,2.39
1881.01,9.42,391.44,2.42
1881.02,9.51,387.68,2.41
1881.03,9.51,393.52,2.42
1881.04,9.61,389.83,2.4
1881.05,9.51,412.95,2.43
1881.06,9.51,419.57,2.44
1881.07,9.61,402.45,2.43
1881.08,9.8,386.87,2.39
1881.09,10.18,376.93,2.31
1881.1,10.28,369.01,2.29
1881.11,10.18,376.47,2.32
1881.12,10.18,367.15,2.33
1882.01,10.18,363.28,2.34
1882.02,10.28,353.63,2.33
1882.03,10.28,354.65,2.33
1882.04,10.37,353.02,2.32
1882.05,10.47,347.19,2.3
1882.06,10.56,343.86,2.29
1882.07,10.47,368.16,2.32
1882.08,10.56,377.41,2.3
1882.09,10.28,393.33,2.37
1882.1,10.18,387.89,2.4
1882.11,10.09,376.5,2.43
1882.12,9.99,383.79,2.46
1883.01,9.99,383.58,2.47
1883.02,10.09,373.21,2.45
1883.03,9.99,383.19,2.49
1883.04,9.9,396.76,2.52
1883.05,9.8,395.63,2.55
1883.06,9.51,412.95,2.63
1883.07,9.32,416.82,2.7
1883.08,9.32,399.89,2.7
1883.09,9.23,410.46,2.74
1883.1,9.23,401.36,2.75
1883.11,9.13,413.64,2.79
1883.12,9.23,402.44,2.77
1884.01,9.23,392.44,2.78
1884.02,9.23,405.11,2.79
1884.03,9.23,405.65,2.8
1884.04,9.04,397.54,2.87
1884.05,8.85,375.34,2.94
1884.06,8.85,362.15,2.95
1884.07,8.75,368.26,2.99
1884.08,8.75,393.56,3
1884.09,8.66,387.5,3.05
1884.1,8.56,381.23,3.09
1884.11,8.37,384.27,3.17
1884.12,8.28,390.1,3.22
1885.01,8.28,383.39,3.23
1885.02,8.37,392.88,3.21
1885.03,8.18,405.18,3.3
1885.04,8.28,401.79,3.27
1885.05,8.09,408.74,3.36
1885.06,7.9,418.88,3.46
1885.07,7.99,431.45,3.43
1885.08,7.99,457.76,3.44
1885.09,7.9,459.48,3.5
1885.1,7.9,488.23,3.51
1885.11,7.99,515.81,3.48
1885.12,8.18,501.89,3.42
1886.01,7.99,515.8,3.51
1886.02,7.99,527.68,3.52
1886.03,7.9,524.92,3.56
1886.04,7.8,526.15,3.61
1886.05,7.61,530.8,3.71
1886.06,7.52,564.2,3.77
1886.07,7.61,567.66,3.73
1886.08,7.71,566.84,3.69
1886.09,7.71,583.6,3.69
1886.1,7.71,600.4,3.7
1886.11,7.71,617.24,3.71
1886.12,7.8,595.85,3.67
1887.01,7.99,577.39,3.59
1887.02,8.09,568.42,3.55
1887.03,8.09,583.7,3.56
1887.04,8.09,599.06,3.57
1887.05,8.09,611.39,3.57
1887.06,7.99,602.9,3.62
1887.07,7.9,597.36,3.67
1887.08,7.99,577.58,3.64
1887.09,7.9,579.19,3.69
1887.1,7.99,555.32,3.65
1887.11,8.09,561.52,3.61
1887.12,8.28,547.66,3.54
1888.01,8.37,547.67,3.51
1888.02,8.28,552.99,3.56
1888.03,8.28,534.18,3.58
1888.04,8.18,544.67,3.64
1888.05,8.09,560.82,3.7
1888.06,7.99,552.13,3.76
1888.07,8.09,561.96,3.73
1888.08,8.09,576.14,3.75
1888.09,8.09,592.55,3.76
1888.1,8.18,584.52,3.74
1888.11,8.28,568,3.71
1888.12,8.28,559.24,3.73
1889.01,7.99,592.63,3.88
1889.02,7.9,608.82,3.93
1889.03,7.8,605.66,3.99
1889.04,7.8,606.7,4.01
1889.05,7.61,640.93,4.12
1889.06,7.61,654.03,4.13
1889.07,7.61,642.99,4.15
1889.08,7.61,653.74,4.16
1889.09,7.71,663.53,4.12
1889.1,7.71,653.69,4.13
1889.11,7.71,649.87,4.14
1889.12,7.8,640.54,4.11
1890.01,7.61,666.22,4.22
1890.02,7.61,661.07,4.23
1890.03,7.61,658.37,4.23
1890.04,7.61,674.37,4.24
1890.05,7.71,696.74,4.19
1890.06,7.71,694.05,4.2
1890.07,7.71,691.36,4.21
1890.08,7.99,653.23,4.06
1890.09,8.09,636.99,4.02
1890.1,8.09,610.45,4.03
1890.11,7.9,581.88,4.13
1890.12,7.9,570.56,4.14
1891.01,7.8,609.95,4.2
1891.02,7.9,612.35,4.16
1891.03,7.99,596.21,4.12
1891.04,8.09,611.04,4.09
1891.05,7.99,618.11,4.15
1891.06,7.8,622.74,4.26
1891.07,7.71,622.41,4.33
1891.08,7.71,645.68,4.34
1891.09,7.61,709.23,4.41
1891.1,7.61,711.67,4.42
1891.11,7.52,712.34,4.49
1891.12,7.52,736.53,4.51
1892.01,7.33,772.21,4.64
1892.02,7.33,776.22,4.65
1892.03,7.14,808.29,4.78
1892.04,7.04,820.52,4.86
1892.05,7.04,823.32,4.87
1892.06,7.04,821.72,4.88
1892.07,7.23,802.88,4.76
1892.08,7.33,806.68,4.7
1892.09,7.33,789.4,4.71
1892.1,7.33,808.08,4.72
1892.11,7.52,787.61,4.61
1892.12,7.61,772.18,4.57
1893.01,7.9,760.48,4.41
1893.02,7.99,740.73,4.37
1893.03,7.8,734.04,4.49
1893.04,7.71,745.94,4.57
1893.05,7.61,691.31,4.64
1893.06,7.42,678.33,4.77
1893.07,7.23,634.34,4.92
1893.08,6.95,647.86,5.14
1893.09,7.23,669.66,4.95
1893.1,7.33,683.76,4.9
1893.11,7.14,716.15,5.05
1893.12,7.04,703.72,5.14
1894.01,6.85,711.88,5.3
1894.02,6.76,735.32,5.4
1894.03,6.57,782.55,5.58
1894.04,6.57,796.38,5.61
1894.05,6.57,770.14,5.63
1894.06,6.57,763,5.66
1894.07,6.57,750.5,5.69
1894.08,6.76,760.01,5.55
1894.09,6.85,764.46,5.5
1894.1,6.66,764.9,5.68
1894.11,6.66,768.04,5.71
1894.12,6.57,775.13,5.82
1895.01,6.57,769.24,5.85
1895.02,6.57,761.5,5.86
1895.03,6.57,764.61,5.87
1895.04,6.85,767.19,5.63
1895.05,6.95,801.15,5.57
1895.06,7.04,808.61,5.5
1895.07,6.95,826.05,5.59
1895.08,6.85,852.86,5.68
1895.09,6.85,861.09,5.69
1895.1,6.85,851.46,5.7
1895.11,6.85,825.65,5.71
1895.12,6.76,790.91,5.8
1896.01,6.66,795.85,5.9
1896.02,6.57,844.39,6.01
1896.03,6.57,834.07,6.04
1896.04,6.47,857.07,6.15
1896.05,6.37,868.98,6.27
1896.06,6.28,869.19,6.39
1896.07,6.28,815.95,6.42
1896.08,6.28,772.58,6.45
1896.09,6.28,816.22,6.48
1896.1,6.47,812.98,6.31
1896.11,6.66,846.59,6.16
1896.12,6.66,818.56,6.19
1897.01,6.47,845.64,6.4
1897.02,6.47,840.63,6.42
1897.03,6.47,845.65,6.44
1897.04,6.37,834.72,6.55
1897.05,6.28,854.67,6.67
1897.06,6.28,897.61,6.69
1897.07,6.28,940.71,6.72
1897.08,6.57,961.34,6.44
1897.09,6.76,982.45,6.28
1897.1,6.66,967.47,6.39
1897.11,6.66,936.36,6.41
1897.12,6.66,959.52,6.43
1898.01,6.66,988.83,6.45
1898.02,6.76,975.96,6.39
1898.03,6.76,934.96,6.42
1898.04,6.76,922,6.45
1898.05,7.23,920.85,6.05
1898.06,6.76,"1,027.36",6.51
1898.07,6.66,"1,049.44",6.63
1898.08,6.66,"1,092.02",6.66
1898.09,6.66,"1,093.32",6.69
1898.1,6.66,"1,073.86",6.72
1898.11,6.66,"1,112.75",6.75
1898.12,6.76,"1,168.57",6.68
1899.01,6.76,"1,260.96",6.71
1899.02,6.95,"1,276.20",6.54
1899.03,6.95,"1,297.82",6.56
1899.04,7.04,"1,299.67",6.48
1899.05,7.04,"1,248.93",6.5
1899.06,7.14,"1,207.89",6.42
1899.07,7.23,"1,236.60",6.35
1899.08,7.33,"1,254.99",6.29
1899.09,7.61,"1,198.04",6.06
1899.1,7.71,"1,180.90",6
1899.11,7.8,"1,191.79",5.94
1899.12,7.9,"1,100.42",5.88
1900.01,7.9,"1,118.36",5.9
1900.02,7.99,"1,128.37",5.84
1900.03,7.99,"1,140.97",5.86
1900.04,7.99,"1,159.20",5.88
1900.05,7.8,"1,135.15",6.04
1900.06,7.71,"1,118.96",6.13
1900.07,7.8,"1,109.44",6.08
1900.08,7.71,"1,142.78",6.17
1900.09,7.8,"1,106.63",6.11
1900.1,7.71,"1,165.44",6.21
1900.11,7.71,"1,261.31",6.22
1900.12,7.61,"1,358.86",6.32
1901.01,7.71,"1,386.07",6.26
1901.02,7.61,"1,444.14",6.35
1901.03,7.61,"1,501.00",6.37
1901.04,7.52,"1,652.68",6.46
1901.05,7.52,"1,574.65",6.47
1901.06,7.52,"1,736.77",6.49
1901.07,7.61,"1,605.29",6.42
1901.08,7.71,"1,612.69",6.35
1901.09,7.8,"1,590.29",6.29
1901.1,7.8,"1,577.65",6.3
1901.11,7.9,"1,597.37",6.24
1901.12,7.99,"1,558.17",6.17
1902.01,7.9,"1,615.96",6.26
1902.02,7.9,"1,635.23",6.27
1902.03,7.9,"1,642.59",6.28
1902.04,7.99,"1,683.79",6.22
1902.05,8.09,"1,665.36",6.16
1902.06,8.18,"1,641.53",6.1
1902.07,8.18,"1,683.92",6.11
1902.08,8.09,"1,754.69",6.19
1902.09,8.18,"1,743.57",6.13
1902.1,8.75,"1,583.33",5.74
1902.11,8.47,"1,578.93",5.95
1902.12,8.56,"1,530.59",5.89
1903.01,8.66,"1,596.06",5.84
1903.02,8.66,"1,591.87",5.85
1903.03,8.37,"1,587.00",6.06
1903.04,8.37,"1,527.70",6.08
1903.05,8.18,"1,538.66",6.23
1903.06,8.18,"1,459.37",6.24
1903.07,8.18,"1,398.08",6.26
1903.08,8.18,"1,359.02",6.27
1903.09,8.28,"1,316.80",6.21
1903.1,8.18,"1,294.83",6.3
1903.11,8.09,"1,320.32",6.38
1903.12,8.09,"1,387.42",6.4
1904.01,8.28,"1,384.18",6.26
1904.02,8.47,"1,322.42",6.14
1904.03,8.37,"1,339.15",6.22
1904.04,8.28,"1,393.85",6.31
1904.05,8.09,"1,402.54",6.47
1904.06,8.09,"1,410.63",6.48
1904.07,8.09,"1,475.04",6.5
1904.08,8.18,"1,513.14",6.44
1904.09,8.28,"1,567.58",6.38
1904.1,8.28,"1,665.31",6.39
1904.11,8.47,"1,721.60",6.26
1904.12,8.47,"1,743.90",6.28
1905.01,8.47,"1,787.44",6.29
1905.02,8.47,"1,871.43",6.31
1905.03,8.37,"1,952.10",6.41
1905.04,8.37,"1,934.07",6.43
1905.05,8.28,"1,865.82",6.52
1905.06,8.28,"1,893.63",6.54
1905.07,8.28,"1,958.98",6.56
1905.08,8.37,"2,014.65",6.51
1905.09,8.28,"2,050.46",6.61
1905.1,8.28,"2,085.38",6.63
1905.11,8.37,"2,056.69",6.57
1905.12,8.47,"2,089.85",6.52
1906.01,8.47,"2,168.27",6.54
1906.02,8.47,"2,159.15",6.55
1906.03,8.47,"2,112.65",6.56
1906.04,8.47,"2,090.43",6.57
1906.05,8.56,"2,018.95",6.5
1906.06,8.56,"2,052.03",6.51
1906.07,8.28,"2,075.06",6.74
1906.08,8.47,"2,185.47",6.6
1906.09,8.56,"2,234.90",6.53
1906.1,8.75,"2,127.97",6.4
1906.11,8.85,"2,155.48",6.34
1906.12,8.94,"2,120.37",6.28
1907.01,8.85,"2,089.51",6.36
1907.02,9.04,"1,988.57",6.23
1907.03,8.94,"1,819.65",6.31
1907.04,8.94,"1,835.87",6.32
1907.05,9.13,"1,742.92",6.2
1907.06,9.23,"1,677.05",6.15
1907.07,9.23,"1,748.77",6.16
1907.08,9.23,"1,625.36",6.17
1907.09,9.23,"1,615.82",6.18
1907.1,9.32,"1,433.20",6.13
1907.11,8.94,"1,414.61",6.4
1907.12,8.75,"1,527.84",6.55
1908.01,8.66,"1,619.02",6.64
1908.02,8.56,"1,585.89",6.74
1908.03,8.56,"1,659.38",6.76
1908.04,8.66,"1,738.02",6.71
1908.05,8.66,"1,840.11",6.74
1908.06,8.66,"1,850.97",6.77
1908.07,8.75,"1,906.26",6.72
1908.08,8.75,"1,996.39",6.75
1908.09,8.75,"1,982.89",6.77
1908.1,8.85,"1,993.73",6.73
1908.11,8.94,"2,114.10",6.68
1908.12,9.04,"2,147.12",6.64
1909.01,8.94,"2,185.25",6.73
1909.02,9.04,"2,108.28",6.68
1909.03,9.04,"2,145.22",6.69
1909.04,9.23,"2,203.32",6.57
1909.05,9.32,"2,261.50",6.51
1909.06,9.42,"2,286.31",6.46
1909.07,9.42,"2,327.20",6.48
1909.08,9.51,"2,367.79",6.43
1909.09,9.61,"2,354.92",6.38
1909.1,9.8,"2,326.43",6.27
1909.11,9.9,"2,300.99",6.22
1909.12,9.99,"2,314.15",6.17
1910.01,9.9,"2,294.86",6.25
1910.02,9.9,"2,221.35",6.26
1910.03,10.09,"2,241.62",6.16
1910.04,10.18,"2,175.52",6.12
1910.05,9.99,"2,189.05",6.26
1910.06,9.9,"2,112.53",6.33
1910.07,9.9,"2,014.59",6.35
1910.08,9.8,"2,092.62",6.43
1910.09,9.7,"2,136.67",6.51
1910.1,9.42,"2,312.29",6.73
1910.11,9.23,"2,367.30",6.89
1910.12,9.23,"2,311.15",6.91
1911.01,9.23,"2,377.34",6.93
1911.02,8.94,"2,505.91",7.17
1911.03,9.04,"2,460.90",7.12
1911.04,8.75,"2,540.92",7.37
1911.05,8.75,"2,606.40",7.39
1911.06,8.75,"2,669.41",7.42
1911.07,8.85,"2,640.49",7.36
1911.08,9.13,"2,446.18",7.15
1911.09,9.23,"2,299.31",7.1
1911.1,9.23,"2,322.96",7.12
1911.11,9.13,"2,451.89",7.22
1911.12,9.04,"2,499.33",7.32
1912.01,9.13,"2,486.66",7.27
1912.02,9.23,"2,450.06",7.19
1912.03,9.42,"2,480.05",7.05
1912.04,9.7,"2,492.38",6.85
1912.05,9.7,"2,500.05",6.85
1912.06,9.61,"2,535.24",6.92
1912.07,9.61,"2,548.38",6.92
1912.08,9.7,"2,591.74",6.86
1912.09,9.8,"2,590.06",6.8
1912.1,9.8,"2,595.28",6.8
1912.11,9.8,"2,576.80",6.81
1912.12,9.7,"2,519.16",6.88
1913.01,9.8,"2,484.06",6.82
1913.02,9.8,"2,406.60",6.85
1913.03,9.8,"2,371.72",6.89
1913.04,9.8,"2,379.81",6.93
1913.05,9.7,"2,349.64",7.04
1913.06,9.8,"2,219.58",7.01
1913.07,9.9,"2,237.75",6.98
1913.08,9.9,"2,308.44",7.02
1913.09,10,"2,317.81",6.98
1913.1,10,"2,255.31",7.02
1913.11,10.1,"2,187.03",6.99
1913.12,10,"2,217.13",7.1
1914.01,10,"2,319.05",7.14
1914.02,9.9,"2,384.22",7.23
1914.03,9.9,"2,350.13",7.25
1914.04,9.8,"2,327.98",7.35
1914.05,9.9,"2,329.41",7.3
1914.06,9.9,"2,328.70",7.32
1914.07,10,"2,188.32",7.26
1914.08,10.2,"2,155.66",7.14
1914.09,10.2,"2,165.83",7.16
1914.1,10.1,"2,197.48",7.26
1914.11,10.2,"2,185.97",7.21
1914.12,10.1,"2,122.82",7.3
1915.01,10.1,"2,170.49",7.32
1915.02,10,"2,173.19",7.43
1915.03,9.9,"2,262.13",7.54
1915.04,10,"2,418.57",7.5
1915.05,10.1,"2,349.13",7.46
1915.06,10.1,"2,386.19",7.5
1915.07,10.1,"2,387.81",7.54
1915.08,10.1,"2,499.77",7.57
1915.09,10.1,"2,603.24",7.61
1915.1,10.2,"2,731.22",7.57
1915.11,10.3,"2,809.98",7.53
1915.12,10.3,"2,826.56",7.56
1916.01,10.4,"2,765.94",7.53
1916.02,10.4,"2,738.56",7.54
1916.03,10.5,"2,715.00",7.49
1916.04,10.6,"2,671.62",7.43
1916.05,10.7,"2,716.79",7.38
1916.06,10.8,"2,729.74",7.33
1916.07,10.8,"2,704.12",7.34
1916.08,10.9,"2,712.13",7.29
1916.09,11.1,"2,784.67",7.18
1916.1,11.3,"2,832.84",7.07
1916.11,11.5,"2,860.49",6.96
1916.12,11.6,"2,734.91",6.91
1917.01,11.7,"2,661.06",6.87
1917.02,12,"2,461.28",6.71
1917.03,12,"2,551.05",6.72
1917.04,12.6,"2,406.16",6.4
1917.05,12.8,"2,301.71",6.31
1917.06,13,"2,325.67",6.22
1917.07,12.8,"2,310.53",6.33
1917.08,13,"2,221.64",6.24
1917.09,13.3,"2,081.10",6.11
1917.1,13.5,"1,953.23",6.03
1917.11,13.5,"1,804.86",6.04
1917.12,13.7,"1,732.40",5.96
1918.01,14,"1,811.62",5.84
1918.02,14.1,"1,867.59",5.82
1918.03,14,"1,856.88",5.89
1918.04,14.2,"1,826.75",5.83
1918.05,14.5,"1,859.25",5.73
1918.06,14.7,"1,849.36",5.68
1918.07,15.1,"1,827.36",5.55
1918.08,15.4,"1,820.59",5.47
1918.09,15.7,"1,788.16",5.39
1918.1,16,"1,840.54",5.31
1918.11,16.3,"1,863.74",5.23
1918.12,16.5,"1,815.45",5.19
1919.01,16.5,"1,814.82",5.21
1919.02,16.2,"1,866.54",5.31
1919.03,16.4,"1,910.85",5.25
1919.04,16.7,"1,949.64",5.16
1919.05,16.9,"2,070.34",5.1
1919.06,16.9,"2,136.31",5.11
1919.07,17.4,"2,152.78",4.96
1919.08,17.7,"1,983.94",4.88
1919.09,17.8,"2,013.94",4.86
1919.1,18.1,"2,091.51",4.79
1919.11,18.5,"1,995.39",4.69
1919.12,18.9,"1,905.16",4.59
1920.01,19.3,"1,856.06",4.5
1920.02,19.5,"1,694.28",4.47
1920.03,19.7,"1,804.16",4.44
1920.04,20.3,"1,745.50",4.32
1920.05,20.6,"1,620.77",4.27
1920.06,20.9,"1,578.35",4.23
1920.07,20.8,"1,592.59",4.26
1920.08,20.3,"1,576.74",4.38
1920.09,20,"1,666.29",4.46
1920.1,19.9,"1,685.89",4.5
1920.11,19.8,"1,617.56",4.54
1920.12,19.4,"1,512.42",4.65
1921.01,19,"1,621.85",4.76
1921.02,18.4,"1,672.80",4.96
1921.03,18.3,"1,648.94",5.04
1921.04,18.1,"1,684.39",5.14
1921.05,17.7,"1,784.96",5.31
1921.06,17.6,"1,661.59",5.39
1921.07,17.7,"1,657.26",5.4
1921.08,17.7,"1,647.04",5.45
1921.09,17.5,"1,717.36",5.57
1921.1,17.5,"1,750.88",5.62
1921.11,17.4,"1,865.73",5.7
1921.12,17.3,"1,953.15",5.78
1922.01,16.9,"2,007.22",5.97
1922.02,16.9,"2,061.95",5.99
1922.03,16.7,"2,175.97",6.08
1922.04,16.7,"2,319.27",6.1
1922.05,16.7,"2,420.99",6.12
1922.06,16.7,"2,409.75",6.14
1922.07,16.8,"2,423.98",6.13
1922.08,16.6,"2,557.28",6.22
1922.09,16.6,"2,635.89",6.24
1922.1,16.7,"2,690.04",6.22
1922.11,16.8,"2,553.37",6.2
1922.12,16.9,"2,544.75",6.19
1923.01,16.8,"2,607.31",6.24
1923.02,16.8,"2,731.17",6.28
1923.03,16.8,"2,787.95",6.32
1923.04,16.9,"2,687.12",6.31
1923.05,16.9,"2,572.90",6.35
1923.06,17,"2,473.19",6.35
1923.07,17.2,"2,375.11",6.31
1923.08,17.1,"2,413.78",6.38
1923.09,17.2,"2,427.52",6.38
1923.1,17.3,"2,390.95",6.37
1923.11,17.3,"2,475.52",6.41
1923.12,17.3,"2,572.56",6.44
1924.01,17.3,"2,670.14",6.48
1924.02,17.2,"2,711.34",6.55
1924.03,17.1,"2,688.64",6.62
1924.04,17,"2,656.18",6.69
1924.05,17,"2,660.83",6.72
1924.06,17,"2,725.23",6.75
1924.07,17.1,"2,849.04",6.74
1924.08,17,"2,978.55",6.81
1924.09,17.1,"2,947.00",6.81
1924.1,17.2,"2,906.28",6.8
1924.11,17.2,"3,083.17",6.83
1924.12,17.3,"3,245.28",6.82
1925.01,17.3,"3,394.18",6.85
1925.02,17.2,"3,457.97",6.92
1925.03,17.3,"3,362.87",6.91
1925.04,17.2,"3,361.98",6.98
1925.05,17.3,"3,465.31",6.98
1925.06,17.5,"3,502.53",6.93
1925.07,17.7,"3,574.62",6.88
1925.08,17.7,"3,638.58",6.91
1925.09,17.7,"3,738.51",6.94
1925.1,17.7,"3,877.95",6.97
1925.11,18,"3,947.90",6.88
1925.12,17.9,"4,050.91",6.95
1926.01,17.9,"4,129.14",6.98
1926.02,17.9,"4,152.40",7.02
1926.03,17.8,"3,909.39",7.1
1926.04,17.9,"3,796.20",7.09
1926.05,17.8,"3,861.80",7.17
1926.06,17.7,"4,086.45",7.25
1926.07,17.5,"4,325.77",7.37
1926.08,17.4,"4,541.96",7.45
1926.09,17.5,"4,604.00",7.45
1926.1,17.6,"4,494.07",7.45
1926.11,17.7,"4,546.54",7.44
1926.12,17.7,"4,669.77",7.48
1927.01,17.5,"4,711.96",7.61
1927.02,17.4,"4,851.72",7.67
1927.03,17.3,"4,975.92",7.74
1927.04,17.3,"5,119.32",7.76
1927.05,17.4,"5,287.00",7.74
1927.06,17.6,"5,316.11",7.67
1927.07,17.3,"5,550.46",7.83
1927.08,17.2,"5,902.56",7.9
1927.09,17.3,"6,224.46",7.87
1927.1,17.4,"6,116.74",7.85
1927.11,17.3,"6,315.72",7.92
1927.12,17.3,"6,487.55",7.94
1928.01,17.3,"6,537.61",7.96
1928.02,17.1,"6,559.47",8.06
1928.03,17.1,"6,936.62",8.07
1928.04,17.1,"7,398.95",8.08
1928.05,17.2,"7,608.82",8.04
1928.06,17.1,"7,304.13",8.09
1928.07,17.1,"7,384.03",8.1
1928.08,17.1,"7,649.41",8.11
1928.09,17.3,"8,118.75",8.02
1928.1,17.2,"8,358.72",8.08
1928.11,17.2,"8,950.90",8.09
1928.12,17.1,"9,066.04",8.14
1929.01,17.1,"9,763.78",8.15
1929.02,17.1,"9,843.31",8.2
1929.03,17,"10,104.60",8.29
1929.04,16.9,"10,134.08",8.38
1929.05,17,"10,255.79",8.37
1929.06,17.1,"10,420.64",8.36
1929.07,17.3,"11,248.13",8.31
1929.08,17.3,"11,918.55",8.35
1929.09,17.3,"12,424.73",8.39
1929.1,17.3,"11,142.23",8.43
1929.11,17.3,"8,224.31",8.48
1929.12,17.2,"8,634.22",8.57
1930.01,17.1,"8,843.35",8.66
1930.02,17,"9,485.79",8.73
1930.03,16.9,"9,935.27",8.81
1930.04,17,"10,537.39",8.77
1930.05,16.9,"10,000.72",8.85
1930.06,16.8,"9,077.44",8.92
1930.07,16.6,"9,025.15",9.05
1930.08,16.5,"8,998.53",9.13
1930.09,16.6,"8,975.07",9.1
1930.1,16.5,"7,822.14",9.17
1930.11,16.4,"7,334.76",9.25
1930.12,16.1,"7,009.15",9.45
1931.01,15.9,"7,349.25",9.59
1931.02,15.7,"8,048.10",9.71
1931.03,15.6,"8,291.98",9.78
1931.04,15.5,"7,587.21",9.85
1931.05,15.3,"6,981.77",9.98
1931.06,15.1,"6,884.18",10.12
1931.07,15.1,"7,149.17",10.12
1931.08,15.1,"6,970.95",10.13
1931.09,15,"6,008.57",10.2
1931.1,14.9,"5,277.09",10.28
1931.11,14.7,"5,458.18",10.42
1931.12,14.6,"4,500.30",10.5
1932.01,14.3,"4,554.48",10.73
1932.02,14.1,"4,615.69",10.94
1932.03,14,"4,700.43",11.08
1932.04,13.9,"3,633.47",11.23
1932.05,13.7,"3,268.10",11.45
1932.06,13.6,"2,882.86",11.6
1932.07,13.6,"3,059.80",11.67
1932.08,13.5,"4,664.03",11.82
1932.09,13.4,"5,184.53",11.97
1932.1,13.3,"4,531.75",12.13
1932.11,13.2,"4,549.34",12.28
1932.12,13.1,"4,461.61",12.44
1933.01,12.9,"4,737.56",12.71
1933.02,12.7,"4,269.75",12.96
1933.03,12.6,"4,317.69",13.11
1933.04,12.6,"4,802.83",13.17
1933.05,12.6,"6,210.62",13.22
1933.06,12.7,"7,244.83",13.17
1933.07,13.1,"7,617.64",12.82
1933.08,13.2,"7,208.75",12.77
1933.09,13.2,"7,173.57",12.83
1933.1,13.2,"6,500.62",12.88
1933.11,13.2,"6,682.42",12.93
1933.12,13.2,"6,837.30",12.98
1934.01,13.2,"7,253.39",13.03
1934.02,13.3,"7,756.73",13
1934.03,13.3,"7,384.57",13.06
1934.04,13.3,"7,533.74",13.12
1934.05,13.3,"6,793.48",13.19
1934.06,13.4,"6,857.63",13.15
1934.07,13.4,"6,559.00",13.22
1934.08,13.4,"6,328.52",13.28
1934.09,13.6,"6,110.26",13.15
1934.1,13.5,"6,229.94",13.31
1934.11,13.5,"6,430.02",13.37
1934.12,13.4,"6,546.65",13.54
1935.01,13.6,"6,476.50",13.4
1935.02,13.7,"6,260.86",13.35
1935.03,13.7,"5,889.60",13.39
1935.04,13.8,"6,310.80",13.34
1935.05,13.8,"6,832.24",13.38
1935.06,13.7,"7,169.16",13.53
1935.07,13.7,"7,570.59",13.57
1935.08,13.7,"8,108.47",13.61
1935.09,13.7,"8,305.78",13.66
1935.1,13.7,"8,554.38",13.7
1935.11,13.8,"9,317.64",13.65
1935.12,13.8,"9,345.63",13.69
1936.01,13.8,"9,890.31",13.74
1936.02,13.8,"10,487.49",13.76
1936.03,13.7,"10,819.37",13.89
1936.04,13.7,"10,865.28",13.92
1936.05,13.7,"10,320.88",13.95
1936.06,13.8,"10,715.74",13.87
1936.07,13.9,"11,303.11",13.8
1936.08,14,"11,481.41",13.73
1936.09,14,"11,648.41",13.76
1936.1,14,"12,297.16",13.79
1936.11,14,"12,680.81",13.81
1936.12,14,"12,505.50",13.84
1937.01,14.1,"12,846.84",13.77
1937.02,14.1,"13,271.66",13.81
1937.03,14.2,"13,209.12",13.76
1937.04,14.3,"12,380.79",13.71
1937.05,14.4,"11,794.27",13.65
1937.06,14.4,"11,402.34",13.69
1937.07,14.5,"12,046.32",13.64
1937.08,14.5,"12,217.97",13.68
1937.09,14.6,"10,462.86",13.63
1937.1,14.6,"8,988.45",13.67
1937.11,14.5,"8,302.99",13.81
1937.12,14.4,"8,276.05",13.95
1938.01,14.2,"8,663.82",14.19
1938.02,14.1,"8,567.55",14.34
1938.03,14.1,"8,051.47",14.39
1938.04,14.2,"7,718.63",14.34
1938.05,14.1,"7,893.45",14.49
1938.06,14.1,"8,124.14",14.54
1938.07,14.1,"9,786.72",14.59
1938.08,14.1,"9,888.45",14.65
1938.09,14.1,"9,482.79",14.7
1938.1,14,"10,656.62",14.85
1938.11,14,"10,702.86",14.9
1938.12,14,"10,426.48",14.96
1939.01,14,"10,305.52",15.01
1939.02,13.9,"10,332.38",15.16
1939.03,13.9,"10,360.15",15.21
1939.04,13.8,"9,158.08",15.37
1939.05,13.8,"9,533.44",15.41
1939.06,13.8,"9,740.72",15.46
1939.07,13.8,"10,017.69",15.51
1939.08,13.8,"9,911.46",15.55
1939.09,14.1,"10,773.75",15.27
1939.1,14,"11,002.24",15.42
1939.11,14,"10,848.72",15.47
1939.12,14,"10,636.08",15.51
1940.01,13.9,"10,696.97",15.67
1940.02,14,"10,596.57",15.62
1940.03,14,"10,581.40",15.68
1940.04,14,"10,732.11",15.74
1940.05,14,"9,300.82",15.8
1940.06,14.1,"8,487.84",15.74
1940.07,14,"8,879.73",15.91
1940.08,14,"9,115.52",15.97
1940.09,14,"9,549.70",16.03
1940.1,14,"9,689.70",16.09
1940.11,14,"9,965.88",16.15
1940.12,14.1,"9,539.98",16.09
1941.01,14.1,"9,608.93",16.15
1941.02,14.1,"9,059.16",16.11
1941.03,14.2,"9,101.48",15.96
1941.04,14.3,"8,807.98",15.82
1941.05,14.4,"8,608.19",15.68
1941.06,14.7,"8,779.02",15.33
1941.07,14.7,"9,280.74",15.3
1941.08,14.9,"9,163.35",15.06
1941.09,15.1,"9,120.21",14.83
1941.1,15.3,"8,692.12",14.61
1941.11,15.4,"8,283.30",14.49
1941.12,15.5,"7,746.05",14.37
1942.01,15.7,"7,846.95",14.16
1942.02,15.8,"7,603.49",14.1
1942.03,16,"7,150.39",13.95
1942.04,16.1,"6,859.84",13.89
1942.05,16.3,"6,901.71",13.75
1942.06,16.3,"7,297.71",13.78
1942.07,16.4,"7,570.06",13.72
1942.08,16.5,"7,526.60",13.67
1942.09,16.5,"7,650.73",13.69
1942.1,16.7,"8,160.73",13.56
1942.11,16.8,"8,286.23",13.5
1942.12,16.9,"8,323.46",13.45
1943.01,16.9,"8,864.80",13.47
1943.02,16.9,"9,435.14",13.5
1943.03,17.2,"9,642.76",13.29
1943.04,17.4,"9,892.85",13.17
1943.05,17.5,"10,265.51",13.12
1943.06,17.5,"10,489.27",13.14
1943.07,17.4,"10,810.63",13.24
1943.08,17.3,"10,379.84",13.35
1943.09,17.4,"10,583.91",13.3
1943.1,17.4,"10,531.19",13.32
1943.11,17.4,"10,088.45",13.35
1943.12,17.4,"10,267.27",13.38
1944.01,17.4,"10,643.90",13.4
1944.02,17.4,"10,618.20",13.44
1944.03,17.4,"10,962.52",13.48
1944.04,17.5,"10,757.50",13.44
1944.05,17.5,"10,994.74",13.48
1944.06,17.6,"11,494.70",13.44
1944.07,17.7,"11,775.06",13.4
1944.08,17.7,"11,651.02",13.44
1944.09,17.7,"11,508.53",13.48
1944.1,17.7,"11,840.39",13.52
1944.11,17.7,"11,806.76",13.56
1944.12,17.8,"12,045.69",13.52
1945.01,17.8,"12,453.60",13.55
1945.02,17.8,"12,918.78",13.6
1945.03,17.8,"12,959.71",13.64
1945.04,17.8,"13,335.72",13.69
1945.05,17.9,"13,813.00",13.66
1945.06,18.1,"13,959.17",13.55
1945.07,18.1,"13,722.77",13.59
1945.08,18.1,"13,820.00",13.64
1945.09,18.1,"14,812.47",13.68
1945.1,18.1,"15,481.08",13.73
1945.11,18.1,"16,039.34",13.77
1945.12,18.2,"16,274.17",13.74
1946.01,18.2,"16,974.30",13.78
1946.02,18.1,"17,168.59",13.88
1946.03,18.3,"16,526.75",13.74
1946.04,18.4,"17,549.60",13.69
1946.05,18.5,"17,545.16",13.63
1946.06,18.7,"17,298.73",13.51
1946.07,19.8,"15,921.72",12.77
1946.08,20.2,"15,353.30",12.54
1946.09,20.4,"13,010.40",12.43
1946.1,20.8,"12,521.78",12.21
1946.11,21.3,"12,226.69",11.94
1946.12,21.5,"12,524.56",11.85
1947.01,21.5,"12,639.99",11.86
1947.02,21.5,"13,179.93",11.87
1947.03,21.9,"12,464.21",11.66
1947.04,21.9,"12,054.04",11.66
1947.05,21.9,"11,890.75",11.67
1947.06,22,"12,301.70",11.62
1947.07,22.2,"13,007.56",11.52
1947.08,22.5,"12,634.74",11.38
1947.09,23,"12,092.91",11.14
1947.1,23,"12,460.05",11.14
1947.11,23.1,"12,316.67",11.1
1947.12,23.4,"12,023.40",10.97
1948.01,23.7,"11,768.75",10.83
1948.02,23.5,"11,341.13",10.96
1948.03,23.4,"11,608.37",11.04
1948.04,23.8,"12,347.75",10.88
1948.05,23.9,"12,951.48",10.87
1948.06,24.1,"13,433.18",10.81
1948.07,24.4,"13,008.80",10.71
1948.08,24.5,"12,633.74",10.7
1948.09,24.5,"12,548.54",10.73
1948.1,24.4,"13,003.04",10.81
1948.11,24.2,"12,443.10",10.93
1948.12,24.1,"12,476.35",11
1949.01,24,"12,733.61",11.08
1949.02,23.8,"12,414.50",11.2
1949.03,23.8,"12,600.81",11.22
1949.04,23.9,"12,600.92",11.19
1949.05,23.8,"12,631.68",11.26
1949.06,23.9,"11,961.80",11.23
1949.07,23.7,"12,818.76",11.35
1949.08,23.8,"13,297.73",11.32
1949.09,23.9,"13,490.37",11.29
1949.1,23.7,"14,034.07",11.41
1949.11,23.8,"14,249.70",11.38
1949.12,23.6,"14,838.77",11.5
1950.01,23.5,"15,294.58",11.57
1950.02,23.5,"15,681.17",11.57
1950.03,23.6,"15,830.21",11.53
1950.04,23.6,"16,367.01",11.53
1950.05,23.7,"16,936.68",11.48
1950.06,23.8,"17,231.37",11.43
1950.07,24.1,"15,876.00",11.29
1950.08,24.3,"16,793.72",11.2
1950.09,24.4,"17,415.33",11.16
1950.1,24.6,"18,092.82",11.07
1950.11,24.7,"18,090.86",11.03
1950.12,25,"17,912.08",10.9
1951.01,25.4,"19,043.87",10.73
1951.02,25.7,"19,633.78",10.62
1951.03,25.8,"19,341.36",10.59
1951.04,25.8,"19,714.93",10.61
1951.05,25.9,"19,763.25",10.58
1951.06,25.9,"19,537.95",10.6
1951.07,25.9,"19,999.32",10.61
1951.08,25.9,"20,991.33",10.63
1951.09,26.1,"21,482.67",10.56
1951.1,26.2,"21,403.96",10.53
1951.11,26.4,"20,760.37",10.47
1951.12,26.5,"21,426.53",10.44
1952.01,26.5,"22,248.24",10.46
1952.02,26.3,"22,119.08",10.55
1952.03,26.3,"22,285.17",10.56
1952.04,26.4,"22,246.60",10.53
1952.05,26.4,"22,349.68",10.55
1952.06,26.5,"22,988.59",10.52
1952.07,26.7,"23,584.58",10.45
1952.08,26.7,"23,792.25",10.47
1952.09,26.7,"23,528.47",10.48
1952.1,26.7,"23,148.41",10.49
1952.11,26.7,"23,996.30",10.5
1952.12,26.7,"25,077.24",10.52
1953.01,26.6,"25,420.43",10.57
1953.02,26.5,"25,318.98",10.66
1953.03,26.6,"25,465.21",10.67
1953.04,26.6,"24,326.46",10.65
1953.05,26.7,"24,478.64",10.43
1953.06,26.8,"23,629.70",10.37
1953.07,26.8,"24,081.90",10.55
1953.08,26.9,"24,208.03",10.52
1953.09,26.9,"23,213.84",10.62
1953.1,27,"23,942.03",10.8
1953.11,26.9,"24,682.69",10.84
1953.12,26.9,"25,136.88",10.95
1954.01,26.9,"25,897.56",11.08
1954.02,26.9,"26,591.22",11.12
1954.03,26.9,"27,278.48",11.24
1954.04,26.8,"28,598.26",11.38
1954.05,26.9,"29,751.44",11.28
1954.06,26.9,"30,114.74",11.29
1954.07,26.9,"31,457.62",11.39
1954.08,26.9,"32,211.38",11.36
1954.09,26.8,"33,217.98",11.4
1954.1,26.8,"34,120.46",11.37
1954.11,26.8,"35,590.45",11.35
1954.12,26.7,"37,495.33",11.38
1955.01,26.7,"38,309.02",11.31
1955.02,26.7,"39,728.87",11.29
1955.03,26.7,"39,556.09",11.29
1955.04,26.7,"41,062.77",11.24
1955.05,26.7,"41,030.75",11.26
1955.06,26.7,"43,552.43",11.27
1955.07,26.8,"46,708.22",11.13
1955.08,26.8,"46,569.94",11.09
1955.09,26.9,"48,633.00",11.08
1955.1,26.9,"46,335.77",11.19
1955.11,26.9,"49,610.54",11.21
1955.12,26.8,"50,412.33",11.21
1956.01,26.8,"49,211.37",11.3
1956.02,26.8,"49,681.38",11.38
1956.03,26.8,"53,264.26",11.29
1956.04,26.9,"53,855.28",11.07
1956.05,27,"52,134.98",11.16
1956.06,27.2,"51,618.19",11.17
1956.07,27.4,"54,188.45",11.02
1956.08,27.3,"54,233.33",10.88
1956.09,27.4,"52,367.57",10.82
1956.1,27.5,"51,676.48",10.85
1956.11,27.5,"51,305.20",10.75
1956.12,27.6,"52,040.93",10.65
1957.01,27.6,"51,071.30",10.8
1957.02,27.7,"48,853.29",10.9
1957.03,27.8,"49,466.08",10.82
1957.04,27.9,"50,592.00",10.75
1957.05,28,"52,508.52",10.64
1957.06,28.1,"53,344.12",10.46
1957.07,28.3,"54,198.01",10.31
1957.08,28.3,"51,377.88",10.34
1957.09,28.3,"49,457.56",10.38
1957.1,28.3,"46,542.17",10.37
1957.11,28.4,"45,544.21",10.59
1957.12,28.4,"45,690.01",11.08
1958.01,28.6,"46,426.42",11.14
1958.02,28.6,"46,751.65",11.21
1958.03,28.8,"47,549.40",11.22
1958.04,28.9,"47,808.41",11.31
1958.05,28.9,"49,508.10",11.3
1958.06,28.9,"50,860.98",11.28
1958.07,29,"52,242.03",11.05
1958.08,28.9,"54,548.17",10.8
1958.09,28.9,"56,153.93",10.64
1958.1,28.9,"58,602.32",10.63
1958.11,29,"60,343.42",10.68
1958.12,28.9,"61,862.26",10.65
1959.01,29,"64,272.55",10.51
1959.02,28.9,"63,679.71",10.63
1959.03,28.9,"65,467.33",10.64
1959.04,29,"66,505.58",10.53
1959.05,29,"67,680.33",10.4
1959.06,29.1,"67,039.49",10.38
1959.07,29.2,"69,634.99",10.33
1959.08,29.2,"69,413.84",10.34
1959.09,29.3,"66,615.80",10.14
1959.1,29.4,"66,507.20",10.27
1959.11,29.4,"66,952.85",10.31
1959.12,29.4,"69,272.16",10.21
1960.01,29.3,"68,479.43",10.26
1960.02,29.4,"65,786.92",10.46
1960.03,29.4,"65,081.25",10.7
1960.04,29.5,"65,888.53",10.68
1960.05,29.5,"65,477.36",10.65
1960.06,29.6,"67,858.95",10.83
1960.07,29.6,"66,368.69",11.09
1960.08,29.6,"67,358.15",11.22
1960.09,29.6,"65,525.50",11.25
1960.1,29.8,"63,996.22",11.13
1960.11,29.8,"66,262.23",11.13
1960.12,29.8,"68,045.11",11.25
1961.01,29.8,"71,737.55",11.28
1961.02,29.8,"74,875.10",11.37
1961.03,29.8,"77,418.30",11.45
1961.04,29.8,"79,678.15",11.45
1961.05,29.8,"80,684.77",11.55
1961.06,29.8,"79,813.21",11.42
1961.07,30,"79,259.64",11.35
1961.08,29.9,"82,578.33",11.31
1961.09,30,"81,857.90",11.37
1961.1,30,"82,959.32",11.46
1961.11,30,"86,920.22",11.48
1961.12,30,"87,933.15",11.4
1962.01,30,"84,867.49",11.42
1962.02,30.1,"86,201.38",11.46
1962.03,30.1,"86,496.00",11.6
1962.04,30.2,"83,671.45",11.69
1962.05,30.2,"77,660.27",11.7
1962.06,30.2,"68,797.79",11.7
1962.07,30.3,"70,434.73",11.6
1962.08,30.3,"72,564.68",11.67
1962.09,30.4,"71,897.53",11.67
1962.1,30.4,"69,845.63",11.75
1962.11,30.4,"74,876.84",11.8
1962.12,30.4,"78,340.70",11.9
1963.01,30.4,"81,589.96",11.97
1963.02,30.4,"82,892.45",11.92
1963.03,30.5,"82,531.90",11.91
1963.04,30.5,"86,642.22",11.91
1963.05,30.5,"88,610.38",11.98
1963.06,30.6,"88,513.88",11.93
1963.07,30.7,"87,147.89",11.9
1963.08,30.7,"89,789.82",11.96
1963.09,30.7,"92,388.35",11.92
1963.1,30.8,"92,551.18",11.89
1963.11,30.8,"92,269.91",11.92
1963.12,30.9,"94,174.96",11.92
1964.01,30.9,"97,312.93",11.92
1964.02,30.9,"98,754.84",11.98
1964.03,30.9,"100,801.86",11.95
1964.04,30.9,"102,510.32",11.98
1964.05,30.9,"103,763.10",12.06
1964.06,31,"103,067.47",12.09
1964.07,31.1,"106,807.61",12.07
1964.08,31,"105,840.97",12.15
1964.09,31.1,"107,576.34",12.15
1964.1,31.1,"109,697.95",12.2
1964.11,31.2,"110,373.02",12.24
1964.12,31.2,"108,730.26",12.25
1965.01,31.2,"111,799.11",12.29
1965.02,31.2,"112,891.02",12.31
1965.03,31.3,"112,909.77",12.31
1965.04,31.4,"114,305.47",12.33
1965.05,31.4,"116,288.09",12.36
1965.06,31.6,"110,345.90",12.33
1965.07,31.6,"110,461.25",12.38
1965.08,31.6,"112,803.27",12.37
1965.09,31.6,"116,861.61",12.38
1965.1,31.7,"119,403.76",12.32
1965.11,31.7,"120,690.70",12.27
1965.12,31.8,"120,058.75",12.11
1966.01,31.8,"122,438.63",12.17
1966.02,32,"121,151.86",11.93
1966.03,32.1,"116,111.90",11.9
1966.04,32.3,"119,226.89",11.99
1966.05,32.3,"113,258.31",12.01
1966.06,32.4,"112,278.81",11.99
1966.07,32.5,"111,956.09",11.8
1966.08,32.7,"104,853.76",11.6
1966.09,32.7,"101,474.56",11.68
1966.1,32.9,"100,287.72",11.82
1966.11,32.9,"105,618.36",11.73
1966.12,32.9,"106,373.64",12.08
1967.01,32.9,"110,768.27",12.37
1967.02,32.9,"114,901.04",12.37
1967.03,33,"117,570.97",12.47
1967.04,33.1,"119,551.26",12.43
1967.05,33.2,"121,643.74",12.19
1967.06,33.3,"120,075.57",12.04
1967.07,33.4,"122,102.04",11.92
1967.08,33.5,"123,992.44",11.83
1967.09,33.6,"125,668.76",11.83
1967.1,33.7,"125,417.91",11.68
1967.11,33.8,"121,443.33",11.46
1967.12,33.9,"124,852.94",11.53
1968.01,34.1,"124,100.04",11.66
1968.02,34.2,"118,470.80",11.66
1968.03,34.3,"116,284.64",11.52
1968.04,34.4,"124,831.56",11.63
1968.05,34.5,"127,654.73",11.45
1968.06,34.7,"130,652.70",11.57
1968.07,34.9,"129,968.97",11.75
1968.08,35,"127,092.75",11.84
1968.09,35.1,"131,177.41",11.82
1968.1,35.3,"133,979.75",11.7
1968.11,35.4,"135,988.49",11.62
1968.12,35.5,"137,349.81",11.35
1969.01,35.6,"131,506.87",11.37
1969.02,35.8,"130,461.29",11.24
1969.03,36.1,"126,902.18",11.11
1969.04,36.3,"129,074.23",11.22
1969.05,36.4,"133,243.24",11.12
1969.06,36.6,"125,928.44",10.92
1969.07,36.8,"119,977.82",10.8
1969.08,37,"118,991.56",10.82
1969.09,37.1,"119,417.40",10.49
1969.1,37.3,"120,376.68",10.55
1969.11,37.5,"120,929.33",10.52
1969.12,37.7,"114,240.69",10.16
1970.01,37.8,"113,267.68",10.1
1970.02,38,"109,070.80",10.5
1970.03,38.2,"110,683.39",10.63
1970.04,38.5,"106,803.72",10.38
1970.05,38.6,"94,597.39",10.04
1970.06,38.8,"93,856.13",10.11
1970.07,39,"93,863.09",10.39
1970.08,39,"96,919.41",10.4
1970.09,39.2,"102,520.58",10.51
1970.1,39.4,"104,537.75",10.57
1970.11,39.6,"104,223.12",10.95
1970.12,39.8,"111,120.84",11.32
1971.01,39.8,"115,687.64",11.5
1971.02,39.9,"120,186.90",11.64
1971.03,40,"123,280.40",12.03
1971.04,40.1,"127,490.48",11.94
1971.05,40.3,"125,452.00",11.46
1971.06,40.6,"122,537.44",11.32
1971.07,40.7,"121,670.12",11.19
1971.08,40.8,"119,530.21",11.34
1971.09,40.8,"122,501.87",11.77
1971.1,40.9,"119,924.21",11.99
1971.11,40.9,"114,681.01",12.16
1971.12,41.1,"122,297.58",12.05
1972.01,41.1,"127,706.24",12.09
1972.02,41.3,"129,740.09",11.98
1972.03,41.4,"132,817.18",12.02
1972.04,41.5,"134,165.15",11.94
1972.05,41.6,"132,804.16",12.03
1972.06,41.7,"133,169.44",12.08
1972.07,41.9,"131,866.34",12.08
1972.08,42,"136,530.25",12.02
1972.09,42.1,"134,557.57",11.76
1972.1,42.3,"134,482.77",11.83
1972.11,42.4,"141,217.31",12.04
1972.12,42.5,"144,144.00",12
1973.01,42.6,"145,229.07",11.95
1973.02,42.9,"139,418.88",11.78
1973.03,43.3,"136,273.28",11.67
1973.04,43.6,"133,126.85",11.69
1973.05,43.9,"128,821.10",11.53
1973.06,44.2,"125,402.53",11.47
1973.07,44.3,"126,635.36",11.32
1973.08,45.1,"122,356.41",10.98
1973.09,45.2,"124,523.30",11.26
1973.1,45.6,"128,662.27",11.47
1973.11,45.9,"119,065.47",11.51
1973.12,46.2,"110,245.73",11.49
1974.01,46.6,"111,159.90",11.25
1974.02,47.2,"107,034.87",11.2
1974.03,47.8,"110,528.21",10.93
1974.04,48,"104,768.00",10.72
1974.05,48.6,"100,676.75",10.6
1974.06,49,"100,313.32",10.61
1974.07,49.4,"88,213.60",10.4
1974.08,50,"83,876.61",10.18
1974.09,50.6,"74,585.28",10.12
1974.1,51.1,"75,611.28",10.19
1974.11,51.5,"77,832.79",10.33
1974.12,51.9,"72,528.32",10.49
1975.01,52.1,"78,489.17",10.47
1975.02,52.5,"86,311.35",10.53
1975.03,52.7,"90,262.41",10.31
1975.04,52.9,"91,259.50",9.99
1975.05,53.2,"96,837.44",10.12
1975.06,53.6,"98,898.12",10.25
1975.07,54.2,"98,225.81",10.06
1975.08,54.3,"91,185.45",9.88
1975.09,54.6,"89,911.18",9.88
1975.1,54.9,"93,864.28",10.09
1975.11,55.3,"95,087.02",10.14
1975.12,55.5,"93,625.85",10.21
1976.01,55.6,"102,378.53",10.44
1976.02,55.8,"106,274.06",10.43
1976.03,55.9,"106,935.46",10.53
1976.04,56.1,"107,723.53",10.68
1976.05,56.5,"106,552.97",10.42
1976.06,56.8,"106,946.76",10.47
1976.07,57.1,"109,223.01",10.5
1976.08,57.4,"108,045.64",10.56
1976.09,57.6,"110,297.97",10.72
1976.1,57.9,"106,321.72",10.87
1976.11,58,"105,755.04",11.01
1976.12,58.2,"109,388.07",11.37
1977.01,58.5,"108,246.48",11.1
1977.02,59.1,"104,613.64",10.92
1977.03,59.5,"103,858.06",10.86
1977.04,60,"101,768.02",10.9
1977.05,60.3,"101,331.85",10.84
1977.06,60.7,"101,574.65",10.98
1977.07,61,"102,375.29",10.95
1977.08,61.2,"99,923.65",10.93
1977.09,61.4,"98,431.52",11.01
1977.1,61.6,"95,960.39",10.9
1977.11,61.9,"96,437.07",10.87
1977.12,62.1,"96,054.26",10.82
1978.01,62.5,"92,207.44",10.62
1978.02,62.9,"90,734.19",10.57
1978.03,63.4,"90,261.42",10.55
1978.04,63.9,"93,883.74",10.46
1978.05,64.5,"98,133.06",10.3
1978.06,65.2,"97,736.41",10.18
1978.07,65.7,"96,935.22",10.05
1978.08,66,"103,568.90",10.23
1978.09,66.5,"103,204.05",10.22
1978.1,67.1,"99,445.81",10.05
1978.11,67.4,"93,621.09",9.97
1978.12,67.7,"94,999.79",9.87
1979.01,68.3,"98,109.88",9.8
1979.02,69.1,"95,952.57",9.76
1979.03,69.8,"97,217.66",9.72
1979.04,70.6,"98,456.26",9.65
1979.05,71.5,"95,380.32",9.55
1979.06,72.3,"96,609.05",9.73
1979.07,73.1,"96,913.85",9.67
1979.08,73.8,"100,812.51",9.6
1979.09,74.6,"101,272.11",9.39
1979.1,75.2,"97,099.61",8.82
1979.11,75.9,"95,897.48",8.63
1979.12,76.7,"99,080.08",8.75
1980.01,77.8,"100,918.56",8.49
1980.02,78.9,"103,889.71",7.68
1980.03,80.1,"93,354.37",7.5
1980.04,81,"91,247.75",8.05
1980.05,81.8,"94,909.19",8.69
1980.06,82.7,"100,322.14",8.89
1980.07,82.7,"105,310.77",8.7
1980.08,83.3,"108,219.61",8.27
1980.09,84,"110,364.24",8.08
1980.1,84.8,"112,959.97",7.97
1980.11,85.5,"117,207.38",7.57
1980.12,86.3,"114,677.56",7.51
1981.01,87,"113,769.07",7.64
1981.02,87.9,"109,149.87",7.38
1981.03,88.5,"112,904.44",7.44
1981.04,89.1,"113,597.62",7.25
1981.05,89.8,"110,891.82",7.12
1981.06,90.6,"110,857.79",7.38
1981.07,91.6,"107,439.78",7.07
1981.08,92.3,"107,483.68",6.86
1981.09,93.2,"97,610.86",6.74
1981.1,93.4,"99,086.73",6.87
1981.11,93.7,"101,778.27",7.6
1981.12,94,"102,652.48",7.52
1982.01,94.3,"97,412.12",7.25
1982.02,94.6,"95,246.82",7.37
1982.03,94.5,"92,732.83",7.69
1982.04,94.9,"97,394.52",7.75
1982.05,95.8,"97,031.21",7.87
1982.06,97,"90,782.01",7.58
1982.07,97.5,"90,537.61",7.77
1982.08,97.7,"91,070.56",8.23
1982.09,97.9,"101,879.17",8.64
1982.1,98.2,"110,589.04",9.44
1982.11,98,"115,801.77",9.76
1982.12,97.6,"117,852.96",9.89
1983.01,97.8,"122,230.04",10
1983.02,97.9,"124,706.99",9.92
1983.03,97.9,"129,528.62",10.14
1983.04,98.6,"134,007.98",10.22
1983.05,99.2,"139,090.82",10.26
1983.06,99.5,"141,103.76",10.03
1983.07,99.9,"141,535.39",9.76
1983.08,100.2,"137,716.22",9.56
1983.09,100.7,"141,574.86",9.72
1983.1,101,"142,071.03",9.85
1983.11,101.2,"140,173.94",9.84
1983.12,101.3,"139,858.26",9.84
1984.01,101.9,"141,227.97",9.97
1984.02,102.4,"133,355.92",9.92
1984.03,102.6,"133,686.84",9.73
1984.04,103.1,"133,716.33",9.61
1984.05,103.4,"132,994.68",9.28
1984.06,103.7,"130,161.95",9.28
1984.07,104.1,"128,485.54",9.45
1984.08,104.5,"139,779.20",9.85
1984.09,105,"141,072.51",10.02
1984.1,105.3,"140,094.00",10.31
1984.11,105.3,"141,899.01",10.77
1984.12,105.3,"140,898.55",10.92
1985.01,105.5,"147,240.79",11.08
1985.02,106,"155,030.50",11.04
1985.03,106.4,"153,712.01",10.88
1985.04,106.9,"154,562.69",11.22
1985.05,107.3,"158,200.91",11.67
1985.06,107.6,"161,723.02",12.25
1985.07,107.8,"165,052.88",12.21
1985.08,108,"161,709.51",12.28
1985.09,108.3,"158,224.17",12.32
1985.1,108.7,"160,000.99",12.48
1985.11,109,"169,806.66",12.92
1985.12,109.3,"178,307.78",13.42
1986.01,109.6,"179,159.29",13.55
1986.02,109.3,"189,889.07",14.13
1986.03,108.8,"202,558.98",15.2
1986.04,108.6,"208,497.19",15.84
1986.05,108.9,"208,947.39",15.44
1986.06,109.5,"214,315.36",15.36
1986.07,109.5,"210,452.45",16
1986.08,109.7,"214,863.28",16.22
1986.09,110.2,"208,637.95",15.93
1986.1,110.3,"208,262.68",16.03
1986.11,110.4,"215,426.40",16.32
1986.12,110.5,"218,910.84",16.57
1987.01,111.2,"232,051.03",16.59
1987.02,111.6,"246,161.87",16.43
1987.03,112.1,"255,790.37",16.46
1987.04,112.7,"252,253.97",15.61
1987.05,113.1,"251,800.60",15.05
1987.06,113.5,"262,204.73",15.31
1987.07,113.8,"269,681.58",15.33
1987.08,114.4,"285,584.53",15.04
1987.09,115,"275,488.60",14.44
1987.1,115.3,"242,204.26",14.42
1987.11,115.4,"212,224.41",15.15
1987.12,115.4,"209,395.47",15.13
1988.01,115.7,"217,724.91",15.53
1988.02,116,"224,393.57",16.08
1988.03,116.5,"230,655.28",15.95
1988.04,117.1,"227,446.97",15.61
1988.05,117.5,"221,719.19",15.3
1988.06,118,"234,029.22",15.52
1988.07,118.5,"232,332.00",15.43
1988.08,119,"227,385.49",15.28
1988.09,119.8,"230,225.37",15.57
1988.1,120.2,"238,188.81",15.82
1988.11,120.3,"233,189.24",15.76
1988.12,120.5,"238,224.95",15.69
1989.01,121.1,"245,375.74",15.76
1989.02,121.6,"252,436.48",15.73
1989.03,122.3,"250,593.94",15.57
1989.04,123.1,"257,845.94",15.77
1989.05,123.8,"266,946.68",16.13
1989.06,124.1,"275,348.45",16.84
1989.07,124.4,"282,379.84",17.21
1989.08,124.6,"295,159.80",17.19
1989.09,125,"295,568.52",17.16
1989.1,125.6,"295,003.31",17.4
1989.11,125.9,"288,972.02",17.65
1989.12,126.1,"296,419.13",17.77
1990.01,127.4,"286,912.44",17.26
1990.02,128,"278,357.02",17
1990.03,128.7,"284,343.92",16.89
1990.04,128.9,"284,467.30",16.76
1990.05,129.2,"294,744.12",16.88
1990.06,129.9,"302,456.17",17.23
1990.07,130.4,"301,812.46",17.29
1990.08,131.6,"275,554.48",16.94
1990.09,132.7,"261,410.69",16.77
1990.1,133.5,"253,833.43",16.98
1990.11,133.8,"260,827.18",17.44
1990.12,133.8,"272,795.59",17.93
1991.01,134.6,"269,317.36",17.93
1991.02,134.8,"300,130.91",18.32
1991.03,135,"308,810.35",18.09
1991.04,135.2,"315,320.09",18.27
1991.05,135.6,"313,828.26",18.3
1991.06,136,"313,991.74",18.11
1991.07,136.2,"315,980.72",18.22
1991.08,136.6,"323,498.57",18.75
1991.09,137.2,"321,110.59",19.12
1991.1,137.4,"321,223.78",19.37
1991.11,137.8,"320,340.10",19.59
1991.12,137.9,"323,099.41",20.15
1992.01,138.1,"346,373.56",20.33
1992.02,138.6,"343,053.12",19.93
1992.03,139.3,"337,876.45",19.68
1992.04,139.5,"338,283.78",19.85
1992.05,139.7,"344,786.36",20.07
1992.06,140.2,"338,990.44",20.31
1992.07,140.5,"344,736.34",21
1992.08,140.9,"346,996.52",21.44
1992.09,141.3,"347,325.10",21.76
1992.1,141.8,"342,008.38",21.54
1992.11,142,"350,942.01",21.19
1992.12,141.9,"362,677.89",21.48
1993.01,142.6,"361,414.87",21.76
1993.02,143.1,"366,364.28",22.35
1993.03,143.6,"372,940.90",22.85
1993.04,144,"366,915.85",22.92
1993.05,144.2,"369,063.32",22.88
1993.06,144.4,"371,741.71",23.1
1993.07,144.4,"371,968.49",23.48
1993.08,144.8,"377,478.66",23.75
1993.09,145.1,"381,802.36",24.4
1993.1,145.7,"384,953.56",24.46
1993.11,145.8,"384,719.94",23.84
1993.12,145.8,"388,134.48",23.86
1994.01,146.2,"393,794.67",23.94
1994.02,146.7,"392,158.40",23.58
1994.03,147.2,"385,264.68",22.75
1994.04,147.4,"371,870.01",22.04
1994.05,147.5,"375,553.51",21.83
1994.06,148,"378,435.17",22.01
1994.07,148.4,"375,458.89",21.77
1994.08,149,"385,474.38",21.91
1994.09,149.4,"387,586.38",21.64
1994.1,149.5,"385,613.82",21.34
1994.11,149.7,"383,679.99",21.13
1994.12,149.7,"379,749.65",21.49
1995.01,150.3,"387,505.54",21.59
1995.02,150.9,"400,705.12",22.11
1995.03,151.4,"409,597.96",22.59
1995.04,151.9,"421,382.25",22.88
1995.05,152.2,"434,635.11",23.68
1995.06,152.5,"447,571.12",24.57
1995.07,152.5,"463,454.15",24.5
1995.08,152.9,"464,618.43",24.19
1995.09,153.2,"480,952.57",24.79
1995.1,153.7,"483,767.56",25.13
1995.11,153.6,"495,503.88",25.48
1995.12,153.5,"512,635.80",26.04
1996.01,154.4,"510,483.36",26.13
1996.02,154.9,"538,886.36",25.86
1996.03,155.7,"535,048.65",24.98
1996.04,156.3,"534,048.84",24.58
1996.05,156.6,"545,581.47",24.25
1996.06,156.7,"552,208.51",24.08
1996.07,157,"532,001.06",24.24
1996.08,157.3,"547,327.20",24.74
1996.09,157.8,"556,643.19",24.46
1996.1,158.3,"577,748.95",25.05
1996.11,158.6,"605,794.73",25.75
1996.12,158.6,"613,059.02",25.69
1997.01,159.1,"631,043.91",25.23
1997.02,159.6,"656,505.25",25.58
1997.03,160,"650,783.34",25.15
1997.04,160.2,"627,840.04",24.9
1997.05,160.1,"686,143.86",25.39
1997.06,160.3,"721,862.68",25.9
1997.07,160.5,"762,320.96",26.53
1997.08,160.8,"763,548.92",26.46
1997.09,161.2,"770,737.12",26.71
1997.1,161.6,"781,483.36",27.14
1997.11,161.5,"772,962.53",27.59
1997.12,161.3,"794,314.69",27.91
1998.01,161.6,"794,723.26",28.57
1998.02,161.9,"844,039.23",28.58
1998.03,162.2,"887,240.66",28.49
1998.04,162.5,"915,770.96",28.59
1998.05,162.8,"912,062.31",28.65
1998.06,163,"912,010.92",29.08
1998.07,163.2,"951,593.50",29.26
1998.08,163.4,"884,178.86",29.63
1998.09,163.6,"839,843.73",30.96
1998.1,164,"848,611.89",31.7
1998.11,164,"941,742.96",31.07
1998.12,163.9,"980,992.39",31.66
1999.01,164.3,"1,028,006.68",31.53
1999.02,164.5,"1,026,077.58",30.92
1999.03,165,"1,052,880.53",30.41
1999.04,166.2,"1,089,703.07",30.44
1999.05,166.2,"1,088,626.10",29.74
1999.06,166.2,"1,081,966.25",29.07
1999.07,166.7,"1,127,509.24",29.37
1999.08,167.1,"1,082,359.86",29.11
1999.09,167.9,"1,070,765.13",29.16
1999.1,168.2,"1,055,255.57",28.84
1999.11,168.3,"1,129,571.06",29.14
1999.12,168.3,"1,161,298.80",28.75
2000.01,168.8,"1,156,483.44",28.03
2000.02,169.8,"1,121,184.37",28.3
2000.03,171.2,"1,155,841.39",28.76
2000.04,171.3,"1,171,622.57",29.47
2000.05,171.5,"1,137,033.75",28.62
2000.06,172.4,"1,166,878.69",29.34
2000.07,172.8,"1,174,069.33",29.53
2000.08,172.8,"1,185,094.44",30.16
2000.09,173.7,"1,166,217.76",30.22
2000.1,174,"1,103,500.85",30.45
2000.11,174.1,"1,094,344.90",30.63
2000.12,174,"1,058,618.13",31.93
2001.01,175.1,"1,056,747.70",32.06
2001.02,175.8,"1,030,048.41",32.22
2001.03,176.2,"934,388.42",32.81
2001.04,176.9,"934,860.85",32.18
2001.05,177.7,"994,668.71",31.56
2001.06,178,"969,267.09",31.92
2001.07,177.5,"946,141.17",32.24
2001.08,177.5,"926,785.74",33.07
2001.09,178.3,"818,857.60",33.68
2001.1,177.7,"847,783.17",34.36
2001.11,177.4,"892,129.02",34.33
2001.12,176.7,"908,794.07",33.42
2002.01,177.1,"904,041.97",33.61
2002.02,177.8,"870,291.42",33.96
2002.03,178.8,"908,221.36",32.95
2002.04,179.8,"871,435.51",33.09
2002.05,179.8,"846,864.54",33.36
2002.06,179.9,"796,285.93",34.08
2002.07,180.1,"709,823.15",34.94
2002.08,180.7,"715,517.58",36.06
2002.09,181,"680,340.45",37.28
2002.1,181.3,"669,935.39",37.12
2002.11,181.3,"714,328.36",36.91
2002.12,180.9,"708,503.67",37.18
2003.01,181.7,"703,817.89",37.08
2003.02,183.1,"653,636.13",37.37
2003.03,184.2,"658,233.84",37.55
2003.04,183.8,"694,534.29",37.29
2003.05,183.5,"732,624.14",38.69
2003.06,183.7,"773,570.16",39.54
2003.07,183.9,"777,342.68",37.51
2003.08,184.6,"773,116.11",36.08
2003.09,185.2,"794,980.92",36.62
2003.1,185,"811,995.99",36.73
2003.11,184.5,"824,070.49",36.93
2003.12,184.3,"850,257.58",37.2
2004.01,185.2,"887,895.33",37.51
2004.02,186.2,"892,737.08",37.65
2004.03,187.4,"873,150.48",38.3
2004.04,188,"878,802.62",36.71
2004.05,189.1,"851,299.37",35.56
2004.06,189.7,"872,869.65",35.56
2004.07,189.4,"854,691.65",36.41
2004.08,189.5,"842,399.46",37.17
2004.09,189.9,"864,028.50",37.68
2004.1,190.9,"860,390.21",37.7
2004.11,191,"900,998.36",37.54
2004.12,190.3,"928,983.26",37.68
2005.01,190.7,"914,543.90",37.77
2005.02,191.8,"924,602.94",37.83
2005.03,193.3,"915,100.01",36.68
2005.04,194.6,"887,104.84",37.04
2005.05,194.4,"899,895.09",37.82
2005.06,194.5,"919,061.17",38.36
2005.07,195.4,"931,377.62",37.75
2005.08,196.4,"929,519.48",37.45
2005.09,198.8,"920,877.56",37.31
2005.1,199.2,"894,926.71",36.59
2005.11,197.6,"937,928.81",36.79
2005.12,196.8,"961,949.56",37.28
2006.01,198.3,"968,687.71",37.29
2006.02,198.7,"966,588.56",36.91
2006.03,199.8,"975,564.47",36.41
2006.04,201.5,"975,070.14",35.48
2006.05,202.5,"962,636.26",35.12
2006.06,202.9,"934,756.57",35.2
2006.07,203.5,"938,724.95",35.3
2006.08,203.9,"958,368.15",35.96
2006.09,202.9,"987,482.73",36.75
2006.1,201.8,"1,028,782.92",37.06
2006.11,201.5,"1,050,954.20",37.65
2006.12,201.8,"1,071,951.92",37.86
2007.01,202.42,"1,076,106.67",37.29
2007.02,203.5,"1,087,476.25",37.35
2007.03,205.35,"1,051,015.80",37.63
2007.04,206.69,"1,087,897.94",37.15
2007.05,207.95,"1,117,979.14",36.89
2007.06,208.35,"1,119,679.13",35.97
2007.07,208.3,"1,126,416.20",36.41
2007.08,207.92,"1,081,093.52",37.58
2007.09,208.49,"1,111,288.49",38.07
2007.1,208.94,"1,142,106.44",38.1
2007.11,210.18,"1,080,809.13",39.19
2007.12,210.04,"1,094,941.87",39.51
2008.01,211.08,"1,017,245.74",40.62
2008.02,211.69,"998,448.44",40.63
2008.03,213.53,"963,879.39",41.18
2008.04,214.82,"998,735.76",40.48
2008.05,216.63,"1,015,783.90",39.6
2008.06,218.82,"962,952.38",38.63
2008.07,219.96,"899,698.06",38.84
2008.08,219.09,"922,370.99",39.51
2008.09,218.78,"878,877.02",40.35
2008.1,216.57,"708,548.30",40.49
2008.11,212.43,"660,210.85",42.37
2008.12,210.23,"664,757.77",47.13
2009.01,211.14,"654,602.09",46.61
2009.02,212.19,"607,681.64",45.08
2009.03,212.71,"571,706.20",45.27
2009.04,213.24,"640,516.42",44.83
2009.05,213.86,"681,170.90",43.45
2009.06,215.69,"694,710.24",41.67
2009.07,215.35,"704,668.25",42.42
2009.08,215.83,"760,152.31",42.35
2009.09,215.97,"787,372.65",43.12
2009.1,216.18,"805,487.10",43.24
2009.11,216.33,"821,743.81",43.29
2009.12,215.95,"841,485.42",42.81
2010.01,216.69,"849,988.55",42.29
2010.02,216.74,"825,135.52",42.55
2010.03,217.63,"870,588.00",42.37
2010.04,218.01,"904,608.77",42.01
2010.05,218.18,"850,739.54",43.63
2010.06,217.97,"821,397.88",44.61
2010.07,218.01,"819,924.75",45.45
2010.08,218.31,"825,872.00",46.72
2010.09,218.44,"853,223.61",47
2010.1,218.71,"891,177.71",47.5
2010.11,218.8,"913,000.17",46.67
2010.12,219.18,"945,290.20",44.61
2011.01,220.22,"973,396.27",44.15
2011.02,221.31,"999,154.22",43.36
2011.03,223.47,"978,512.18",43.69
2011.04,224.91,"993,863.82",43.35
2011.05,225.96,"995,750.38",44.33
2011.06,225.72,"960,327.31",45.14
2011.07,225.92,"989,255.01",45.22
2011.08,226.55,"883,945.95",48
2011.09,226.89,"875,657.20",49.4
2011.1,226.42,"903,983.00",48.83
2011.11,226.23,"920,760.20",49.58
2011.12,225.67,"937,413.95",49.92
2012.01,226.67,"977,962.36",49.82
2012.02,227.66,"1,014,224.71",49.69
2012.03,229.39,"1,035,627.34",48.52
2012.04,230.09,"1,032,133.60",48.98
2012.05,229.82,"1,001,426.06",50.23
2012.06,229.48,"991,359.35",51.21
2012.07,229.1,"1,022,009.90",51.79
2012.08,230.38,"1,050,811.13",50.86
2012.09,231.41,"1,077,775.03",50.52
2012.1,231.32,"1,075,887.67",50.47
2012.11,230.22,"1,050,370.68",51.25
2012.12,229.6,"1,076,154.75",51.13
2013.01,230.28,"1,118,802.66",50.18
2013.02,232.17,"1,135,621.85",49.54
2013.03,232.77,"1,163,514.55",49.58
2013.04,232.53,"1,181,682.32",50.62
2013.05,232.95,"1,233,563.66",49.83
2013.06,233.5,"1,216,879.27",48.16
2013.07,233.6,"1,256,011.06",47.05
2013.08,233.88,"1,257,693.55",46.44
2013.09,234.15,"1,271,236.32",46.22
2013.1,233.55,"1,301,519.52",47.21
2013.11,233.07,"1,354,537.03",47
2013.12,233.05,"1,375,278.96",46.38
2014.01,233.92,"1,383,468.38",46.48
2014.02,234.78,"1,376,604.96",47.02
2014.03,236.29,"1,405,057.32",46.79
2014.04,237.07,"1,403,289.44",46.78
2014.05,237.9,"1,419,853.38",47.34
2014.06,238.34,"1,462,536.98",47.18
2014.07,238.25,"1,485,016.53",47.55
2014.08,237.85,"1,481,173.77",48.24
2014.09,238.03,"1,506,399.15",47.83
2014.1,237.43,"1,470,244.64",49.03
2014.11,236.15,"1,562,588.79",49.26
2014.12,234.81,"1,581,481.17",50.17
2015.01,233.71,"1,571,349.91",52
2015.02,234.72,"1,608,820.53",51.39
2015.03,236.12,"1,600,216.59",50.9
2015.04,236.6,"1,611,017.93",51.34
2015.05,237.81,"1,618,557.95",49.98
2015.06,238.64,"1,605,903.65",49.19
2015.07,238.65,"1,604,533.65",49.46
2015.08,238.32,"1,567,870.30",50.29
2015.09,237.95,"1,499,555.77",50.46
2015.1,237.84,"1,565,016.00",51.02
2015.11,237.34,"1,614,335.86",50.36
2015.12,236.53,"1,602,023.46",50.71
2016.01,236.92,"1,496,716.01",51.4
2016.02,237.11,"1,487,271.91",52.9
2016.03,238.13,"1,575,131.08",52.23
2016.04,239.26,"1,612,096.63",52.44
2016.05,240.23,"1,600,726.28",52.31
2016.06,241.02,"1,612,514.27",53.02
2016.07,240.63,"1,668,397.89",53.87
2016.08,240.85,"1,686,869.29",53.59
2016.09,241.43,"1,675,454.00",53.19
2016.1,241.73,"1,664,915.24",52.56
2016.11,241.35,"1,687,552.93",50.94
2016.12,241.43,"1,753,583.68",49.45
2017.01,242.84,"1,768,502.20",49.52
2017.02,243.6,"1,808,391.96",49.51
2017.03,243.8,"1,838,545.68",49.31
2017.04,244.52,"1,830,304.54",50.05
2017.05,244.73,"1,859,708.69",50.1
2017.06,244.96,"1,891,047.80",50.64
2017.07,244.79,"1,911,068.15",50.19
2017.08,245.52,"1,910,104.71",50.62
2017.09,246.82,"1,931,477.30",50.49
2017.1,246.66,"1,985,570.64",49.91
2017.11,246.67,"2,017,099.99",50.05
2017.12,246.52,"2,076,499.84",49.95
2018.01,247.87,"2,165,682.23",49
2018.02,248.99,"2,093,694.59",47.71
2018.03,249.55,"2,090,343.14",47.79
2018.04,250.55,"2,047,442.91",47.59
2018.05,251.59,"2,078,980.89",47.08
2018.06,251.99,"2,119,551.99",47.39
2018.07,252.01,"2,152,940.25",47.58
2018.08,252.15,"2,204,508.82",47.67
2018.09,252.44,"2,238,966.20",47.28
2018.1,252.89,"2,149,022.11",46.71
2018.11,252.04,"2,111,508.48",47.11
2018.12,251.23,"2,000,475.37",48.57
2019.01,251.71,"2,031,349.15",49.1
2019.02,252.78,"2,140,731.28",49.13
2019.03,254.2,"2,170,215.91",49.43
2019.04,255.55,"2,239,185.77",49.45
2019.05,256.09,"2,200,226.79",50.01
2019.06,256.14,"2,230,714.57",51.63
2019.07,256.57,"2,312,252.54",53.66
2019.08,256.56,"2,239,914.97",53.73
2019.09,256.76,"2,307,238.37",53.42
2019.1,257.35,"2,302,223.15",53.33
2019.11,257.21,"2,405,608.53",52.95
2019.12,256.97,"2,467,277.31",52.84
2020.01,257.97,"2,540,016.46",53.19
2020.02,258.68,"2,536,195.34",54.39
2020.03,258.12,"2,060,919.59",57.84
2020.04,256.39,"2,164,398.11",59.45
2020.05,256.39,"2,291,781.61",59.42
2020.06,257.8,"2,427,654.91",58.79
2020.07,259.1,"2,499,390.20",59.15
2020.08,259.92,"2,638,354.63",58.83
2020.09,260.28,"2,618,147.73",58.61
2020.1,260.39,"2,662,220.00",58
2020.11,260.23,"2,769,165.85",57.63
2020.12,260.47,"2,884,406.56",57.29
2021.01,261.58,"2,952,461.24",56.29
2021.02,263.01,"3,009,533.37",55.1
2021.03,264.88,"3,012,897.33",53.01
2021.04,267.05,"3,168,283.65",52.51
2021.05,269.2,"3,166,984.81",52.26
2021.06,271.7,"3,194,645.14",52.32
2021.07,273,"3,276,928.64",53.1
2021.08,273.57,"3,341,660.24",53.25
2021.09,274.31,"3,329,821.84",52.72
2021.1,276.59,"3,317,341.40",51.34
2021.11,277.95,"3,457,774.84",51.25
2021.12,278.8,"3,456,355.70",51.58
2022.01,281.15,"3,357,215.68",49.86
2022.02,283.72,"3,230,296.75",48.73
2022.03,287.5,"3,159,314.26",47.3
2022.04,289.11,"3,145,532.73",44.6
2022.05,292.3,"2,866,337.07",43.64
2022.06,296.31,"2,732,268.89",42.27
2022.07,296.28,"2,745,314.89",43.26
2022.08,296.17,"2,923,377.51",43.38
2022.09,296.81,"2,704,839.34",41.15
2022.1,298.01,"2,610,669.11",39.56
2022.11,297.71,"2,751,455.64",40.03
2022.12,296.8,"2,760,259.33",41.18
2023.01,299.17,"2,776,082.58",41.29
2023.02,300.84,"2,847,574.75",40.43
2023.03,301.84,"2,764,824.21",40.72
2023.04,303.36,"2,860,849.23",41.32
2023.05,304.13,"2,874,723.42",40.96
2023.06,305.11,"3,007,097.59",40.34
2023.07,305.69,"3,117,718.45",39.89
2023.08,307.03,"3,073,205.37",38.98
2023.09,307.79,"3,036,365.77",38.36
2023.1,307.67,"2,945,289.96",37.25
2023.11,307.05,"3,087,063.91",38.37
2023.12,306.75,"3,250,074.50",40.05
2024.01,308.42,"3,326,599.75",39.84
2024.02,310.33,"3,444,979.41",39.25
2024.03,312.33,"3,535,205.55",39.13
2024.04,313.55,"3,485,980.71",38.09
2024.05,314.07,"3,567,806.27",38.36
2024.06,314.18,"3,693,259.53",39.01
2024.07,314.54,"3,776,785.81",39.3
2024.08,314.8,"3,737,113.32",40.63
2024.09,315.3,"3,832,720.17",41.2
2024.1,315.66,"3,949,003.86",40.01
2024.11,315.49,"4,049,230.28",39.33
2024.12,315.61,"4,107,336.03",39.36
2025.01,317.67,"4,063,570.03",38.5
2025.02,319.08,"4,089,905.26",39.03
2025.03,319.8,"3,845,325.22",39.63
2025.04,320.8,"3,625,591.94",39.64
2025.05,321.47,"3,919,793.24",39.26
2025.06,321.8,"4,067,651.84",39.49
2025.07,321.97,"4,233,686.04",39.87
,June/July CPI estimaated,,